SYMBOL,COMPANYNAME,SERIES,ISIN NUMBER
20MICRONS,20 Microns Limited,EQ,INE144J01027
21STCENMGM,21st Century Management Services Limited,EQ,INE253B01015
3IINFOTECH,3i Infotech Limited,EQ,INE748C01020
3MINDIA,3M India Limited,EQ,INE470A01017
3PLAND,3P Land Holdings Limited,EQ,INE105C01023
5PAISA,5Paisa Capital Limited,EQ,INE618L01018
63MOONS,63 moons technologies limited,EQ,INE111B01023
8KMILES,8K Miles Software Services Limited,EQ,INE650K01021
A2ZINFRA,A2Z Infra Engineering Limited,EQ,INE619I01012
AARTIDRUGS,Aarti Drugs Limited,EQ,INE767A01016
AARTIIND,Aarti Industries Limited,EQ,INE769A01020
AARVEEDEN,Aarvee Denims & Exports Limited,EQ,INE273D01019
ABAN,Aban Offshore Limited,EQ,INE421A01028
ABB,ABB India Limited,EQ,INE117A01022
ABBOTINDIA,Abbott India Limited,EQ,INE358A01014
ABCAPITAL,Aditya Birla Capital Limited,EQ,INE674K01013
ABFRL,Aditya Birla Fashion and Retail Limited,EQ,INE647O01011
ABGSHIP,ABG Shipyard Limited,BZ,INE067H01016
ABMINTLTD,ABM International Limited,BE,INE251C01017
ACC,ACC Limited,EQ,INE012A01025
ACCELYA,Accelya Kale Solutions Limited,EQ,INE793A01012
ACE,Action Construction Equipment Limited,EQ,INE731H01025
ADANIENT,Adani Enterprises Limited,EQ,INE423A01024
ADANIGREEN,Adani Green Energy Limited,EQ,INE364U01010
ADANIPORTS,Adani Ports and Special Economic Zone Limited,EQ,INE742F01042
ADANIPOWER,Adani Power Limited,EQ,INE814H01011
ADANITRANS,Adani Transmission Limited,EQ,INE931S01010
ADFFOODS,ADF Foods Limited,EQ,INE982B01019
ADHUNIK,Adhunik Metaliks Limited,BE,INE400H01019
ADHUNIKIND,Adhunik Industries Limited,EQ,INE452L01012
ADLABS,Adlabs Entertainment Limited,EQ,INE172N01012
ADORWELD,Ador Welding Limited,EQ,INE045A01017
ADROITINFO,Adroit Infotech Limited,BE,INE737B01033
ADSL,Allied Digital Services Limited,EQ,INE102I01027
ADVANIHOTR,Advani Hotels & Resorts (India) Limited,EQ,INE199C01026
ADVENZYMES,Advanced Enzyme Technologies Limited,EQ,INE837H01020
AEGISCHEM,Aegis Logistics Limited,EQ,INE208C01025
AFL,Accel Frontline Limited,EQ,INE020G01017
AGARIND,Agarwal Industrial Corporation Limited,EQ,INE204E01012
AGCNET,AGC Networks Limited,EQ,INE676A01019
AGLSL,Artemis Global Life Sciences Limited,EQ,INE517U01013
AGRITECH,Agri-Tech (India) Limited,EQ,INE449G01018
AHLEAST,Asian Hotels (East) Limited,EQ,INE926K01017
AHLUCONT,Ahluwalia Contracts (India) Limited,EQ,INE758C01029
AHLWEST,Asian Hotels (West) Limited,EQ,INE915K01010
AIAENG,AIA Engineering Limited,EQ,INE212H01026
AICHAMP,AI Champdany Industries Limited,BE,INE768E01024
AIFL,Ashapura Intimates Fashion Limited,EQ,INE428O01016
AJANTPHARM,Ajanta Pharma Limited,EQ,INE031B01049
AJMERA,Ajmera Realty & Infra India Limited,EQ,INE298G01027
AKSHARCHEM,AksharChem India Limited,EQ,INE542B01011
AKSHOPTFBR,Aksh Optifibre Limited,EQ,INE523B01011
AKZOINDIA,Akzo Nobel India Limited,EQ,INE133A01011
ALANKIT,Alankit Limited,EQ,INE914E01040
ALBERTDAVD,Albert David Limited,EQ,INE155C01010
ALBK,Allahabad Bank,EQ,INE428A01015
ALCHEM,Alchemist Limited,BE,INE964B01033
ALEMBICLTD,Alembic Limited,EQ,INE426A01027
ALICON,Alicon Castalloy Limited,EQ,INE062D01024
ALKALI,Alkali Metals Limited,EQ,INE773I01017
ALKEM,Alkem Laboratories Limited,EQ,INE540L01014
ALKYLAMINE,Alkyl Amines Chemicals Limited,EQ,INE150B01021
ALLCARGO,Allcargo Logistics Limited,EQ,INE418H01029
ALLSEC,Allsec Technologies Limited,EQ,INE835G01018
ALMONDZ,Almondz Global Securities Limited,EQ,INE326B01027
ALOKTEXT,Alok Industries Limited,BE,INE270A01011
ALPA,Alpa Laboratories Limited,EQ,INE385I01010
ALPHAGEO,Alphageo (India) Limited,EQ,INE137C01018
ALPSINDUS,Alps Industries Limited,BE,INE093B01015
AMARAJABAT,Amara Raja Batteries Limited,EQ,INE885A01032
AMBER,Amber Enterprises India Limited,EQ,INE371P01015
AMBIKCO,Ambika Cotton Mills Limited,EQ,INE540G01014
AMBUJACEM,Ambuja Cements Limited,EQ,INE079A01024
AMDIND,AMD Industries Limited,EQ,INE005I01014
AMJLAND,Amj Land Holdings Limited,EQ,INE606A01024
AMRUTANJAN,Amrutanjan Health Care Limited,EQ,INE098F01031
AMTEKAUTO,Amtek Auto Limited,BZ,INE130C01021
ANANTRAJ,Anant Raj Limited,EQ,INE242C01024
ANDHRABANK,Andhra Bank,EQ,INE434A01013
ANDHRACEMT,Andhra Cements Limited,EQ,INE666E01012
ANDHRSUGAR,The Andhra Sugars Limited,EQ,INE715B01013
ANGIND,ANG Industries Limited,BE,INE017D01010
ANIKINDS,Anik Industries Limited,EQ,INE087B01017
ANKITMETAL,Ankit Metal & Power Limited,BE,INE106I01010
ANSALAPI,Ansal Properties & Infrastructure Limited,EQ,INE436A01026
ANSALHSG,Ansal Housing and Construction Limited,EQ,INE880B01015
ANTGRAPHIC,Antarctica Limited,BE,INE414B01021
APARINDS,Apar Industries Limited,EQ,INE372A01015
APCL,Anjani Portland Cement Limited,EQ,INE071F01012
APCOTEXIND,Apcotex Industries Limited,EQ,INE116A01024
APEX,Apex Frozen Foods Limited,EQ,INE346W01013
APLAPOLLO,APL Apollo Tubes Limited,EQ,INE702C01019
APLLTD,Alembic Pharmaceuticals Limited,EQ,INE901L01018
APOLLO,Apollo Micro Systems Limited,EQ,INE713T01010
APOLLOHOSP,Apollo Hospitals Enterprise Limited,EQ,INE437A01024
APOLLOTYRE,Apollo Tyres Limited,EQ,INE438A01022
APOLSINHOT,Apollo Sindoori Hotels Limited,EQ,INE451F01016
APTECHT,Aptech Limited,EQ,INE266F01018
ARCHIDPLY,Archidply Industries Limited,EQ,INE877I01016
ARCHIES,Archies Limited,EQ,INE731A01020
ARCOTECH,Arcotech Limited,BE,INE574I01035
ARENTERP,Rajdarshan Industries Limited,EQ,INE610C01014
ARIES,Aries Agro Limited,EQ,INE298I01015
ARIHANT,Arihant Foundations & Housing Limited,EQ,INE413D01011
ARIHANTSUP,Arihant Superstructures Limited,EQ,INE643K01018
ARMANFIN,Arman Financial Services Limited,EQ,INE109C01017
AROGRANITE,Aro Granite Industries Limited,EQ,INE210C01013
ARROWGREEN,Arrow Greentech Limited,EQ,INE570D01018
ARROWTEX,Arrow Textiles Limited,EQ,INE933J01015
ARSHIYA,Arshiya Limited,EQ,INE968D01022
ARSSINFRA,ARSS Infrastructure Projects Limited,BE,INE267I01010
ARVIND,Arvind Limited,EQ,INE034A01011
ARVSMART,Arvind SmartSpaces Limited,EQ,INE034S01021
ASAHIINDIA,Asahi India Glass Limited,EQ,INE439A01020
ASAHISONG,Asahi Songwon Colors Limited,EQ,INE228I01012
ASAL,Automotive Stampings and Assemblies Limited,EQ,INE900C01027
ASHAPURMIN,Ashapura Minechem Limited,EQ,INE348A01023
ASHIANA,Ashiana Housing Limited,EQ,INE365D01021
ASHIMASYN,Ashima Limited,EQ,INE440A01010
ASHOKA,Ashoka Buildcon Limited,EQ,INE442H01029
ASHOKLEY,Ashok Leyland Limited,EQ,INE208A01029
ASIANHOTNR,Asian Hotels (North) Limited,EQ,INE363A01022
ASIANPAINT,Asian Paints Limited,EQ,INE021A01026
ASIANTILES,Asian Granito India Limited,EQ,INE022I01019
ASPINWALL,Aspinwall and Company Limited,EQ,INE991I01015
ASSAMCO,Assam Company India Limited,EQ,INE442A01024
ASTEC,Astec LifeSciences Limited,EQ,INE563J01010
ASTERDM,Aster DM Healthcare Limited,EQ,INE914M01019
ASTRAL,Astral Poly Technik Limited,EQ,INE006I01046
ASTRAMICRO,Astra Microwave Products Limited,EQ,INE386C01029
ASTRAZEN,AstraZeneca Pharma India Limited,EQ,INE203A01020
ASTRON,Astron Paper & Board Mill Limited,EQ,INE646X01014
ATFL,Agro Tech Foods Limited,EQ,INE209A01019
ATLANTA,Atlanta  Limited,EQ,INE285H01022
ATLASCYCLE,Atlas Cycles (Haryana) Limited,BE,INE446A01025
ATUL,Atul Limited,EQ,INE100A01010
ATULAUTO,Atul Auto Limited,EQ,INE951D01028
AUBANK,AU Small Finance Bank Limited,EQ,INE949L01017
AURIONPRO,Aurionpro Solutions Limited,BE,INE132H01018
AUROPHARMA,Aurobindo Pharma Limited,EQ,INE406A01037
AUSOMENT,Ausom Enterprise Limited,EQ,INE218C01016
AUTOAXLES,Automotive Axles Limited,EQ,INE449A01011
AUTOIND,Autoline Industries Limited,EQ,INE718H01014
AUTOLITIND,Autolite (India) Limited,EQ,INE448A01013
AVADHSUGAR,Avadh Sugar & Energy Limited,EQ,INE349W01017
AVANTIFEED,Avanti Feeds Limited,EQ,INE871C01038
AVTNPL,AVT Natural Products Limited,EQ,INE488D01021
AXISBANK,Axis Bank Limited,EQ,INE238A01034
AXISCADES,AXISCADES Engineering Technologies Limited,EQ,INE555B01013
AYMSYNTEX,AYM Syntex Limited,EQ,INE193B01039
BAFNAPHARM,Bafna Pharmaceuticals Limited,EQ,INE878I01014
BAGFILMS,B.A.G Films and Media Limited,EQ,INE116D01028
BAJAJ-AUTO,Bajaj Auto Limited,EQ,INE917I01010
BAJAJCORP,Bajaj Corp Limited,EQ,INE933K01021
BAJAJELEC,Bajaj Electricals Limited,EQ,INE193E01025
BAJAJFINSV,Bajaj Finserv Limited,EQ,INE918I01018
BAJAJHIND,Bajaj Hindusthan Sugar Limited,EQ,INE306A01021
BAJAJHLDNG,Bajaj Holdings & Investment Limited,EQ,INE118A01012
BAJFINANCE,Bajaj Finance Limited,EQ,INE296A01024
BALAJITELE,Balaji Telefilms Limited,EQ,INE794B01026
BALAMINES,Balaji Amines Limited,EQ,INE050E01027
BALAXI,Balaxi Ventures Limited,BE,INE618N01014
BALKRISHNA,Balkrishna Paper Mills Limited,EQ,INE875R01011
BALKRISIND,Balkrishna Industries Limited,EQ,INE787D01026
BALLARPUR,Ballarpur Industries Limited,EQ,INE294A01037
BALMLAWRIE,Balmer Lawrie & Company Limited,EQ,INE164A01016
BALPHARMA,Bal Pharma Limited,EQ,INE083D01012
BALRAMCHIN,Balrampur Chini Mills Limited,EQ,INE119A01028
BANARBEADS,Banaras Beads Limited,EQ,INE655B01011
BANARISUG,Bannari Amman Sugars Limited,EQ,INE459A01010
BANCOINDIA,Banco Products (I) Limited,EQ,INE213C01025
BANDHANBNK,Bandhan Bank Limited,EQ,INE545U01014
BANG,Bang Overseas Limited,EQ,INE863I01016
BANKBARODA,Bank of Baroda,EQ,INE028A01039
BANKINDIA,Bank of India,EQ,INE084A01016
BANSWRAS,Banswara Syntex Limited,EQ,INE629D01012
BARTRONICS,Bartronics India Limited,EQ,INE855F01034
BASF,BASF India Limited,EQ,INE373A01013
BASML,Bannari Amman Spinning Mills Limited,EQ,INE186H01014
BATAINDIA,Bata India Limited,EQ,INE176A01028
BAYERCROP,Bayer Cropscience Limited,EQ,INE462A01022
BBL,Bharat Bijlee Limited,EQ,INE464A01028
BBTC,Bombay Burmah Trading Corporation Limited,EQ,INE050A01025
BDL,Bharat Dynamics Limited,EQ,INE171Z01018
BEARDSELL,Beardsell Limited,EQ,INE520H01022
BEDMUTHA,Bedmutha Industries Limited,EQ,INE844K01012
BEL,Bharat Electronics Limited,EQ,INE263A01024
BEML,BEML Limited,EQ,INE258A01016
BEPL,Bhansali Engineering Polymers Limited,EQ,INE922A01025
BERGEPAINT,Berger Paints (I) Limited,EQ,INE463A01038
BFINVEST,BF Investment Limited,EQ,INE878K01010
BFUTILITIE,BF Utilities Limited,EQ,INE243D01012
BGLOBAL,Bharatiya Global Infomedia Limited,BE,INE224M01013
BGRENERGY,BGR Energy Systems Limited,EQ,INE661I01014
BHAGERIA,Bhageria Industries Limited,EQ,INE354C01027
BHAGYANGR,Bhagyanagar India Limited,BE,INE458B01036
BHAGYAPROP,Bhagyanagar Properties Limited,EQ,INE363W01018
BHANDARI,Bhandari Hosiery Exports Limited,EQ,INE474E01029
BHARATFIN,Bharat Financial Inclusion Limited,EQ,INE180K01011
BHARATFORG,Bharat Forge Limited,EQ,INE465A01025
BHARATGEAR,Bharat Gears Limited,EQ,INE561C01019
BHARATIDIL,Bharati Defence and Infrastructure Limited,BZ,INE673G01013
BHARATRAS,Bharat Rasayan Limited,EQ,INE838B01013
BHARATWIRE,Bharat Wire Ropes Limited,EQ,INE316L01019
BHARTIARTL,Bharti Airtel Limited,EQ,INE397D01024
BHEL,Bharat Heavy Electricals Limited,EQ,INE257A01026
BHUSANSTL,Bhushan Steel Limited,EQ,INE824B01021
BIGBLOC,Bigbloc Construction Limited,EQ,INE412U01017
BIL,Bhartiya International Limited,EQ,INE828A01016
BILENERGY,Bil Energy Systems Limited,BE,INE607L01029
BILPOWER,Bilpower  Limited,BE,INE952D01018
BINANIIND,Binani Industries Limited,EQ,INE071A01013
BINDALAGRO,Oswal Chemicals & Fertilizers Limited,EQ,INE143A01010
BIOCON,Biocon Limited,EQ,INE376G01013
BIOFILCHEM,Biofil Chemicals & Pharmaceuticals Limited,BE,INE829A01014
BIRLACABLE,Birla Cable Limited,EQ,INE800A01015
BIRLACORPN,Birla Corporation Limited,EQ,INE340A01012
BIRLAMONEY,Aditya Birla Money Limited,EQ,INE865C01022
BKMINDST,Bkm Industries Limited,EQ,INE831Q01016
BLBLIMITED,BLB Limited,EQ,INE791A01024
BLISSGVS,Bliss GVS Pharma Limited,EQ,INE416D01022
BLKASHYAP,B. L. Kashyap and Sons Limited,EQ,INE350H01032
BLS,BLS International Services Limited,EQ,INE153T01027
BLUEBLENDS,Blue Blends (I) Limited,EQ,INE113O01014
BLUECHIP,Blue Chip India Limited,BE,INE657B01025
BLUECOAST,Blue Coast Hotels Limited,EQ,INE472B01011
BLUEDART,Blue Dart Express Limited,EQ,INE233B01017
BLUESTARCO,Blue Star Limited,EQ,INE472A01039
BODALCHEM,Bodal Chemicals Limited,EQ,INE338D01028
BOMDYEING,Bombay Dyeing & Mfg Company Limited,BE,INE032A01023
BOROSIL,Borosil Glass Works Limited,EQ,INE666D01022
BOSCHLTD,Bosch Limited,EQ,INE323A01026
BPCL,Bharat Petroleum Corporation Limited,EQ,INE029A01011
BPL,BPL Limited,EQ,INE110A01019
BRFL,Bombay Rayon Fashions Limited,BE,INE589G01011
BRIGADE,Brigade Enterprises Limited,EQ,INE791I01019
BRITANNIA,Britannia Industries Limited,EQ,INE216A01022
BRNL,Bharat Road Network Limited,EQ,INE727S01012
BROOKS,Brooks Laboratories Limited,EQ,INE650L01011
BSE,BSE Limited,EQ,INE118H01025
BSELINFRA,BSEL Infrastructure Realty Limited,EQ,INE395A01016
BSL,BSL Limited,EQ,INE594B01012
BURNPUR,Burnpur Cement Limited,EQ,INE817H01014
BUTTERFLY,Butterfly Gandhimathi Appliances Limited,EQ,INE295F01017
BVCL,Barak Valley Cements Limited,BE,INE139I01011
BYKE,The Byke Hospitality Ltd,EQ,INE319B01014
CADILAHC,Cadila Healthcare Limited,EQ,INE010B01027
CALSOFT,California Software Company Limited,BE,INE526B01014
CAMLINFINE,Camlin Fine Sciences Limited,EQ,INE052I01032
CANBK,Canara Bank,EQ,INE476A01014
CANDC,C & C Constructions Limited,EQ,INE874H01015
CANFINHOME,Can Fin Homes Limited,EQ,INE477A01020
CANTABIL,Cantabil Retail India Limited,EQ,INE068L01016
CAPACITE,Capacit'e Infraprojects Limited,EQ,INE264T01014
CAPF,Capital First Limited,EQ,INE688I01017
CAPLIPOINT,Caplin Point Laboratories Limited,EQ,INE475E01026
CAPTRUST,Capital Trust Limited,EQ,INE707C01018
CARBORUNIV,Carborundum Universal Limited,EQ,INE120A01034
CAREERP,Career Point Limited,EQ,INE521J01018
CARERATING,CARE Ratings Limited,EQ,INE752H01013
CASTEXTECH,Castex Technologies Limited,EQ,INE068D01021
CASTROLIND,Castrol India Limited,EQ,INE172A01027
CCCL,Consolidated Construction Consortium Limited,EQ,INE429I01024
CCHHL,Country Club Hospitality & Holidays Limited,EQ,INE652F01027
CCL,CCL Products (India) Limited,EQ,INE421D01022
CDSL,Central Depository Services (India) Limited,EQ,INE736A01011
CEATLTD,CEAT Limited,EQ,INE482A01020
CEBBCO,Commercial Engineers & Body Builders Co Limited,EQ,INE209L01016
CELEBRITY,Celebrity Fashions Limited,EQ,INE185H01016
CELESTIAL,Celestial Biolabs Limited,EQ,INE221I01017
CENTENKA,Century Enka Limited,EQ,INE485A01015
CENTEXT,Century Extrusions Limited,EQ,INE281A01026
CENTRALBK,Central Bank of India,EQ,INE483A01010
CENTRUM,Centrum Capital Limited,EQ,INE660C01027
CENTUM,Centum Electronics Limited,EQ,INE320B01020
CENTURYPLY,Century Plyboards (India) Limited,EQ,INE348B01021
CENTURYTEX,Century Textiles & Industries Limited,EQ,INE055A01016
CERA,Cera Sanitaryware Limited,EQ,INE739E01017
CEREBRAINT,Cerebra Integrated Technologies Limited,EQ,INE345B01019
CESC,CESC Limited,EQ,INE486A01013
CGCL,Capri Global Capital Limited,EQ,INE180C01026
CGPOWER,CG Power and Industrial Solutions Limited,EQ,INE067A01029
CHAMBLFERT,Chambal Fertilizers & Chemicals Limited,EQ,INE085A01013
CHEMFAB,Chemfab Alkalis Limited,EQ,INE783X01023
CHENNPETRO,Chennai Petroleum Corporation Limited,EQ,INE178A01016
CHOLAFIN,Cholamandalam Investment and Finance Company Limited,EQ,INE121A01016
CHROMATIC,Chromatic India Limited,EQ,INE662C01015
CIGNITITEC,Cigniti Technologies Limited,EQ,INE675C01017
CIMMCO,Cimmco Limited,EQ,INE184C01028
CINELINE,Cineline India Limited,EQ,INE704H01022
CINEVISTA,Cinevista Limited,BE,INE039B01026
CIPLA,Cipla Limited,EQ,INE059A01026
CLEDUCATE,CL Educate Limited,EQ,INE201M01011
CLNINDIA,Clariant Chemicals (India) Limited,EQ,INE492A01029
CMICABLES,CMI Limited,EQ,INE981B01011
CNOVAPETRO,CIL Nova Petrochemicals Limited,EQ,INE672K01025
COALINDIA,Coal India Limited,EQ,INE522F01014
COCHINSHIP,Cochin Shipyard Limited,EQ,INE704P01017
COFFEEDAY,Coffee Day Enterprises Limited,EQ,INE335K01011
COLPAL,Colgate Palmolive (India) Limited,EQ,INE259A01022
COMPINFO,Compuage Infocom Limited,EQ,INE070C01037
COMPUSOFT,Compucom Software Limited,EQ,INE453B01029
CONCOR,Container Corporation of India Limited,EQ,INE111A01025
CONSOFINVT,Consolidated Finvest & Holdings Limited,EQ,INE025A01027
CONTROLPR,Control Print Limited,EQ,INE663B01015
CORALFINAC,Coral India Finance & Housing Limited,EQ,INE558D01021
CORDSCABLE,Cords Cable Industries Limited,EQ,INE792I01017
COROMANDEL,Coromandel International Limited,EQ,INE169A01031
CORPBANK,Corporation Bank,EQ,INE112A01023
COSMOFILMS,Cosmo Films Limited,EQ,INE757A01017
COUNCODOS,Country Condo's Limited,EQ,INE695B01025
COX&KINGS,Cox & Kings Limited,EQ,INE008I01026
CREATIVEYE,Creative Eye Limited,EQ,INE230B01021
CREST,Crest Ventures Limited,EQ,INE559D01011
CRISIL,CRISIL Limited,EQ,INE007A01025
CROMPTON,Crompton Greaves Consumer Electricals Limited,EQ,INE299U01018
CTE,Cambridge Technology Enterprises Limited,EQ,INE627H01017
CUB,City Union Bank Limited,EQ,INE491A01021
CUBEXTUB,Cubex Tubings Limited,BE,INE144D01012
CUMMINSIND,Cummins India Limited,EQ,INE298A01020
CUPID,Cupid Limited,EQ,INE509F01011
CURATECH,Cura Technologies Limited,BE,INE117B01012
CYBERMEDIA,Cyber Media (India) Limited,EQ,INE278G01037
CYBERTECH,Cybertech Systems And Software Limited,EQ,INE214A01019
CYIENT,Cyient Limited,EQ,INE136B01020
DAAWAT,LT Foods Limited,EQ,INE818H01020
DABUR,Dabur India Limited,EQ,INE016A01026
DALMIABHA,Dalmia Bharat Limited,EQ,INE439L01019
DALMIASUG,Dalmia Bharat Sugar and Industries Limited,EQ,INE495A01022
DAMODARIND,Damodar Industries Limited,EQ,INE497D01014
DATAMATICS,Datamatics Global Services Limited,EQ,INE365B01017
DBCORP,D.B.Corp Limited,EQ,INE950I01011
DBL,Dilip Buildcon Limited,EQ,INE917M01012
DBREALTY,D B Realty Limited,EQ,INE879I01012
DBSTOCKBRO,DB (International) Stock Brokers Limited,EQ,INE921B01025
DCAL,Dishman Carbogen Amcis Limited,EQ,INE385W01011
DCBBANK,DCB Bank Limited,EQ,INE503A01015
DCM,DCM  Limited,EQ,INE498A01018
DCMFINSERV,DCM Financial Services Limited,EQ,INE891B01012
DCMSHRIRAM,DCM Shriram Limited,EQ,INE499A01024
DCW,DCW Limited,EQ,INE500A01029
DECCANCE,Deccan Cements Limited,EQ,INE583C01021
DEEPAKFERT,Deepak Fertilizers and Petrochemicals Corporation Limited,EQ,INE501A01019
DEEPAKNTR,Deepak Nitrite Limited,EQ,INE288B01029
DEEPIND,Deep Industries Limited,EQ,INE677H01012
DELTACORP,Delta Corp Limited,EQ,INE124G01033
DELTAMAGNT,Delta Magnets Limited,EQ,INE393A01011
DEN,Den Networks Limited,EQ,INE947J01015
DENABANK,Dena Bank,EQ,INE077A01010
DENORA,De Nora India Limited,EQ,INE244A01016
DFMFOODS,DFM Foods Limited,EQ,INE456C01012
DHAMPURSUG,Dhampur Sugar Mills Limited,EQ,INE041A01016
DHANBANK,Dhanlaxmi Bank Limited,EQ,INE680A01011
DHANUKA,Dhanuka Agritech Limited,EQ,INE435G01025
DHARSUGAR,Dharani Sugars & Chemicals Limited,EQ,INE988C01014
DHFL,Dewan Housing Finance Corporation Limited,EQ,INE202B01012
DHUNINV,Dhunseri Investments Limited,EQ,INE320L01011
DIAMONDYD,Prataap Snacks Limited,EQ,INE393P01035
DIAPOWER,Diamond Power Infra Ltd,BE,INE989C01012
DICIND,DIC India Limited,EQ,INE303A01010
DIGJAMLTD,Digjam Limited,EQ,INE731U01010
DISHTV,Dish TV India Limited,EQ,INE836F01026
DIVISLAB,Divi's Laboratories Limited,EQ,INE361B01024
DIXON,Dixon Technologies (India) Limited,EQ,INE935N01012
DLF,DLF Limited,EQ,INE271C01023
DLINKINDIA,D-Link (India) Limited,EQ,INE250K01012
DMART,Avenue Supermarts Limited,EQ,INE192R01011
DNAMEDIA,Diligent Media Corporation Limited,EQ,INE016M01021
DOLLAR,Dollar Industries Limited,EQ,INE325C01035
DOLPHINOFF,Dolphin Offshore Enterprises (India) Limited,EQ,INE920A01011
DONEAR,Donear Industries Limited,EQ,INE668D01028
DPL,Dhunseri Petrochem Limited,EQ,INE477B01010
DPSCLTD,DPSC Limited,EQ,INE360C01024
DQE,DQ Entertainment (International) Limited,EQ,INE656K01010
DREDGECORP,Dredging Corporation of India Limited,EQ,INE506A01018
DRREDDY,Dr. Reddy's Laboratories Limited,EQ,INE089A01023
DSSL,Dynacons Systems & Solutions Limited,EQ,INE417B01040
DTIL,Dhunseri Tea & Industries Limited,EQ,INE341R01014
DUCON,Ducon Infratechnologies Limited,EQ,INE741L01018
DWARKESH,Dwarikesh Sugar Industries Limited,EQ,INE366A01041
DYNAMATECH,Dynamatic Technologies Limited,EQ,INE221B01012
DYNPRO,Dynemic Products Limited,EQ,INE256H01015
EASTSILK,Eastern Silk Industries Limited,EQ,INE962C01027
EASUNREYRL,Easun Reyrolle Limited,BZ,INE268C01029
ECEIND,ECE Industries Limited,EQ,INE588B01014
ECLERX,eClerx Services Limited,EQ,INE738I01010
EDELWEISS,Edelweiss Financial Services Limited,EQ,INE532F01054
EDL,Empee Distilleries Limited,EQ,INE180G01019
EDUCOMP,Educomp Solutions Limited,BZ,INE216H01027
EICHERMOT,Eicher Motors Limited,EQ,INE066A01013
EIDPARRY,EID Parry India Limited,EQ,INE126A01031
EIHAHOTELS,EIH Associated Hotels Limited,EQ,INE276C01014
EIHOTEL,EIH Limited,EQ,INE230A01023
EIMCOELECO,Eimco Elecon (India) Limited,EQ,INE158B01016
EKC,Everest Kanto Cylinder Limited,EQ,INE184H01027
ELAND,E-Land Apparel Limited,EQ,INE311H01018
ELECON,Elecon Engineering Company Limited,EQ,INE205B01023
ELECTCAST,Electrosteel Castings Limited,EQ,INE086A01029
ELECTHERM,Electrotherm (India) Limited,EQ,INE822G01016
ELECTROSL,ELECTROSTEEL STEELS LIMITED,EQ,INE481K01021
ELGIEQUIP,Elgi Equipments Limited,EQ,INE285A01027
ELGIRUBCO,Elgi Rubber Company Limited,EQ,INE819L01012
EMAMIINFRA,Emami Infrastructure Limited,BE,INE778K01012
EMAMILTD,Emami Limited,EQ,INE548C01032
EMCO,Emco Limited,EQ,INE078A01026
EMKAY,Emkay Global Financial Services Limited,EQ,INE296H01011
EMMBI,Emmbi Industries Limited,EQ,INE753K01015
ENDURANCE,Endurance Technologies Limited,EQ,INE913H01037
ENERGYDEV,Energy Development Company Limited,EQ,INE306C01019
ENGINERSIN,Engineers India Limited,EQ,INE510A01028
ENIL,Entertainment Network (India) Limited,EQ,INE265F01028
EON,Eon Electric Limited,EQ,INE076H01025
EQUITAS,Equitas Holdings Limited,EQ,INE988K01017
ERIS,Eris Lifesciences Limited,EQ,INE406M01024
EROSMEDIA,Eros International Media Limited,EQ,INE416L01017
ESABINDIA,Esab India Limited,EQ,INE284A01012
ESCORTS,Escorts Limited,EQ,INE042A01014
ESSARSHPNG,Essar Shipping Limited,EQ,INE122M01019
ESSDEE,Ess Dee Aluminium Limited,EQ,INE825H01017
ESSELPACK,Essel Propack Limited,EQ,INE255A01020
ESTER,Ester Industries Limited,EQ,INE778B01029
EUROCERA,Euro Ceramics Limited,BE,INE649H01011
EUROMULTI,Euro Multivision Limited,BE,INE063J01011
EUROTEXIND,Eurotex Industries and Exports Limited,EQ,INE022C01012
EVEREADY,Eveready Industries India Limited,EQ,INE128A01029
EVERESTIND,Everest Industries Limited,EQ,INE295A01018
EXCEL,Excel Realty N Infra Limited,EQ,INE688J01015
EXCELCROP,Excel Crop Care Limited,EQ,INE223G01017
EXCELINDUS,Excel Industries Limited,EQ,INE369A01029
EXIDEIND,Exide Industries Limited,EQ,INE302A01020
FACT,Fertilizers and Chemicals Travancore Limited,EQ,INE188A01015
FAIRCHEM,Fairchem Speciality Limited,EQ,INE959A01019
FCL,Fineotex Chemical Limited,EQ,INE045J01026
FCONSUMER,Future Consumer Limited,EQ,INE220J01025
FCSSOFT,FCS Software Solutions Limited,EQ,INE512B01022
FDC,FDC Limited,EQ,INE258B01022
FEDDERELEC,Fedders Electric and Engineering Limited,EQ,INE249C01011
FEDERALBNK,The Federal Bank  Limited,EQ,INE171A01029
FEL,Future Enterprises Limited,EQ,INE623B01027
FELDVR,Future Enterprises Limited,EQ,IN9623B01058
FIEMIND,Fiem Industries Limited,EQ,INE737H01014
FILATEX,Filatex India Limited,EQ,INE816B01027
FINCABLES,Finolex Cables Limited,EQ,INE235A01022
FINEORG,Fine Organic Industries Limited,EQ,INE686Y01026
FINPIPE,Finolex Industries Limited,EQ,INE183A01016
FLEXITUFF,Flexituff International Limited,EQ,INE060J01017
FLFL,Future Lifestyle Fashions Limited,EQ,INE452O01016
FMGOETZE,Federal-Mogul Goetze (India) Limited.,EQ,INE529A01010
FMNL,Future Market Networks Limited,EQ,INE360L01017
FORTIS,Fortis Healthcare Limited,EQ,INE061F01013
FOSECOIND,Foseco India Limited,EQ,INE519A01011
FRETAIL,Future Retail Limited,EQ,INE752P01024
FSC,Future Supply Chain Solutions Limited,EQ,INE935Q01015
FSL,Firstsource Solutions Limited,EQ,INE684F01012
GABRIEL,Gabriel India Limited,EQ,INE524A01029
GAEL,Gujarat Ambuja Exports Limited,EQ,INE036B01022
GAIL,GAIL (India) Limited,EQ,INE129A01019
GAL,Gyscoal Alloys Limited,BE,INE482J01021
GALAXYSURF,Galaxy Surfactants Limited,EQ,INE600K01018
GALLANTT,Gallantt Metal Limited,EQ,INE297H01019
GALLISPAT,Gallantt Ispat Limited,EQ,INE528K01029
GAMMNINFRA,Gammon Infrastructure Projects Limited,EQ,INE181G01025
GANDHITUBE,Gandhi Special Tubes Limited,EQ,INE524B01027
GANECOS,Ganesha Ecosphere Limited,EQ,INE845D01014
GANESHHOUC,Ganesh Housing Corporation Limited,EQ,INE460C01014
GANGESSECU,Ganges Securities Limited,EQ,INE335W01016
GANGOTRI,Gangotri Textiles Limited,BZ,INE670B01028
GARDENSILK,Garden Silk Mills Limited,EQ,INE526A01016
GARFIBRES,Garware Technical Fibres Limited,EQ,INE276A01018
GATI,GATI Limited,EQ,INE152B01027
GAYAHWS,Gayatri Highways Limited,BE,INE287Z01012
GAYAPROJ,Gayatri Projects Limited,EQ,INE336H01023
GDL,Gateway Distriparks Limited,EQ,INE852F01015
GEECEE,GeeCee Ventures Limited,EQ,INE916G01016
GEMINI,Gemini Communication Limited,BE,INE878C01033
GENESYS,Genesys International Corporation Limited,EQ,INE727B01026
GENUSPAPER,Genus Paper & Boards Limited,EQ,INE949P01018
GENUSPOWER,Genus Power Infrastructures Limited,EQ,INE955D01029
GEOJITFSL,Geojit Financial Services Limited,EQ,INE007B01023
GEPIL,GE Power India Limited,EQ,INE878A01011
GESHIP,The Great Eastern Shipping Company Limited,EQ,INE017A01032
GET&D,GE T&D India Limited,EQ,INE200A01026
GHCL,GHCL Limited,EQ,INE539A01019
GICHSGFIN,GIC Housing Finance Limited,EQ,INE289B01019
GICRE,General Insurance Corporation of India,EQ,INE481Y01014
GILLANDERS,Gillanders Arbuthnot & Company Limited,EQ,INE047B01011
GILLETTE,Gillette India Limited,EQ,INE322A01010
GINNIFILA,Ginni Filaments Limited,EQ,INE424C01010
GIPCL,Gujarat Industries Power Company Limited,EQ,INE162A01010
GISOLUTION,GI Engineering Solutions Limited,EQ,INE065J01016
GITANJALI,Gitanjali Gems Limited,BZ,INE346H01014
GKWLIMITED,GKW Limited,EQ,INE528A01020
GLAXO,GlaxoSmithKline Pharmaceuticals Limited,EQ,INE159A01016
GLENMARK,Glenmark Pharmaceuticals Limited,EQ,INE935A01035
GLFL,Gujarat Lease Financing Limited,BE,INE540A01017
GLOBALVECT,Global Vectra Helicorp Limited,EQ,INE792H01019
GLOBOFFS,Global Offshore Services Limited,EQ,INE446C01013
GLOBUSSPR,Globus Spirits Limited,EQ,INE615I01010
GMBREW,GM Breweries Limited,EQ,INE075D01018
GMDCLTD,Gujarat Mineral Development Corporation Limited,EQ,INE131A01031
GMMPFAUDLR,GMM Pfaudler Limited,EQ,INE541A01023
GMRINFRA,GMR Infrastructure Limited,EQ,INE776C01039
GNA,GNA Axles Limited,EQ,INE934S01014
GNFC,Gujarat Narmada Valley Fertilizers and Chemicals Limited,EQ,INE113A01013
GOACARBON,Goa Carbon Limited,EQ,INE426D01013
GOCLCORP,GOCL Corporation Limited,EQ,INE077F01035
GODFRYPHLP,Godfrey Phillips India Limited,EQ,INE260B01028
GODREJAGRO,Godrej Agrovet Limited,EQ,INE850D01014
GODREJCP,Godrej Consumer Products Limited,EQ,INE102D01028
GODREJIND,Godrej Industries Limited,EQ,INE233A01035
GODREJPROP,Godrej Properties Limited,EQ,INE484J01027
GOENKA,Goenka Diamond and Jewels Limited,BZ,INE516K01024
GOKEX,Gokaldas Exports Limited,EQ,INE887G01027
GOKUL,Gokul Refoils and Solvent Limited,EQ,INE020J01029
GOKULAGRO,Gokul Agro Resources Limited,EQ,INE314T01025
GOLDENTOBC,Golden Tobacco Limited,BE,INE973A01010
GOLDIAM,Goldiam International Limited,EQ,INE025B01017
GOLDTECH,Goldstone Technologies Limited,EQ,INE805A01014
GOODLUCK,Goodluck India Limited,EQ,INE127I01024
GPIL,Godawari Power And Ispat limited,EQ,INE177H01013
GPPL,Gujarat Pipavav Port Limited,EQ,INE517F01014
GPTINFRA,GPT Infraprojects Limited,EQ,INE390G01014
GRANULES,Granules India Limited,EQ,INE101D01020
GRAPHITE,Graphite India Limited,EQ,INE371A01025
GRASIM,Grasim Industries Limited,EQ,INE047A01021
GRAVITA,Gravita India Limited,EQ,INE024L01027
GREAVESCOT,Greaves Cotton Limited,EQ,INE224A01026
GREENLAM,Greenlam Industries Limited,EQ,INE544R01013
GREENPLY,Greenply Industries Limited,EQ,INE461C01038
GREENPOWER,Orient Green Power Company Limited,EQ,INE999K01014
GRINDWELL,Grindwell Norton Limited,EQ,INE536A01023
GROBTEA,The Grob Tea Company Limited,EQ,INE646C01018
GRPLTD,GRP Limited,EQ,INE137I01015
GRUH,Gruh Finance Limited,EQ,INE580B01029
GSCLCEMENT,Gujarat Sidhee Cement Limited,EQ,INE542A01039
GSFC,Gujarat State Fertilizers & Chemicals Limited,EQ,INE026A01025
GSKCONS,GlaxoSmithKline Consumer Healthcare Limited,EQ,INE264A01014
GSPL,Gujarat State Petronet Limited,EQ,INE246F01010
GSS,GSS Infotech Limited,EQ,INE871H01011
GTL,GTL Limited,EQ,INE043A01012
GTLINFRA,GTL Infrastructure Limited,BE,INE221H01019
GTNIND,GTN Industries Limited,EQ,INE537A01013
GTNTEX,GTN Textiles Limited,EQ,INE302H01017
GTPL,GTPL Hathway Limited,EQ,INE869I01013
GUFICBIO,Gufic Biosciences Limited,EQ,INE742B01025
GUJALKALI,Gujarat Alkalies and Chemicals Limited,EQ,INE186A01019
GUJAPOLLO,Gujarat Apollo Industries Limited,EQ,INE826C01016
GUJFLUORO,Gujarat Fluorochemicals Limited,EQ,INE538A01037
GUJGASLTD,Gujarat Gas Limited,EQ,INE844O01022
GUJRAFFIA,Gujarat Raffia Industries Limited,BE,INE610B01024
GULFOILLUB,Gulf Oil Lubricants India Limited,EQ,INE635Q01029
GULFPETRO,GP Petroleums Limited,EQ,INE586G01017
GULPOLY,Gulshan Polyols Limited,EQ,INE255D01024
GVKPIL,GVK Power & Infrastructure Limited,EQ,INE251H01024
HAL,Hindustan Aeronautics Limited,EQ,INE066F01012
HANUNG,Hanung Toys and Textiles Limited,BE,INE648H01013
HARITASEAT,Harita Seating Systems Limited,EQ,INE939D01015
HARRMALAYA,Harrisons  Malayalam Limited,EQ,INE544A01019
HATHWAY,Hathway Cable & Datacom Limited,EQ,INE982F01036
HATSUN,Hatsun Agro Product Limited,EQ,INE473B01035
HAVELLS,Havells India Limited,EQ,INE176B01034
HAVISHA,Sri Havisha Hospitality and Infrastructure Limited,BE,INE293B01029
HBLPOWER,HBL Power Systems Limited,EQ,INE292B01021
HBSL,HB Stockholdings Limited,EQ,INE550B01022
HCC,Hindustan Construction Company Limited,EQ,INE549A01026
HCG,Healthcare Global Enterprises Limited,EQ,INE075I01017
HCL-INSYS,HCL Infosystems Limited,EQ,INE236A01020
HCLTECH,HCL Technologies Limited,EQ,INE860A01027
HDFC,Housing Development Finance Corporation Limited,EQ,INE001A01036
HDFCAMC,HDFC Asset Management Company Limited,EQ,INE127D01025
HDFCBANK,HDFC Bank Limited,EQ,INE040A01026
HDFCLIFE,HDFC Standard Life Insurance Company Limited,EQ,INE795G01014
HDIL,Housing Development and Infrastructure Limited,EQ,INE191I01012
HEG,HEG Limited,EQ,INE545A01016
HEIDELBERG,HeidelbergCement India Limited,EQ,INE578A01017
HERCULES,Hercules Hoists Limited,EQ,INE688E01024
HERITGFOOD,Heritage Foods Limited,EQ,INE978A01027
HEROMOTOCO,Hero MotoCorp Limited,EQ,INE158A01026
HESTERBIO,Hester Biosciences Limited,EQ,INE782E01017
HEXATRADEX,Hexa Tradex Limited,BE,INE750M01017
HEXAWARE,Hexaware Technologies Limited,EQ,INE093A01033
HFCL,Himachal Futuristic Communications Limited,EQ,INE548A01028
HGINFRA,H.G. Infra Engineering Limited,EQ,INE926X01010
HGS,Hinduja Global Solutions Limited,EQ,INE170I01016
HIGHGROUND,High Ground Enterprise Limited,EQ,INE361M01021
HIKAL,Hikal Limited,EQ,INE475B01022
HIL,HIL Limited,EQ,INE557A01011
HILTON,Hilton Metal Forging Limited,EQ,INE788H01017
HIMATSEIDE,Himatsingka Seide Limited,EQ,INE049A01027
HINDALCO,Hindalco Industries Limited,EQ,INE038A01020
HINDCOMPOS,Hindustan Composites Limited,EQ,INE310C01029
HINDCOPPER,Hindustan Copper Limited,EQ,INE531E01026
HINDMOTORS,Hindustan Motors Limited,EQ,INE253A01025
HINDNATGLS,Hindusthan National Glass & Industries Limited,EQ,INE952A01022
HINDOILEXP,Hindustan Oil Exploration Company Limited,EQ,INE345A01011
HINDPETRO,Hindustan Petroleum Corporation Limited,EQ,INE094A01015
HINDSYNTEX,Hind Syntex Limited,EQ,INE155B01012
HINDUJAVEN,Hinduja Ventures Limited,EQ,INE353A01023
HINDUNILVR,Hindustan Unilever Limited,EQ,INE030A01027
HINDZINC,Hindustan Zinc Limited,EQ,INE267A01025
HIRECT,Hind Rectifiers Limited,EQ,INE835D01023
HISARMETAL,Hisar Metal Industries Limited,EQ,INE598C01011
HITECH,Hi-Tech Pipes Limited,EQ,INE106T01017
HITECHCORP,Hitech Corporation Limited,EQ,INE120D01012
HITECHGEAR,The Hi-Tech Gears Limited,EQ,INE127B01011
HMT,HMT Limited,BZ,INE262A01018
HMVL,Hindustan Media Ventures Limited,EQ,INE871K01015
HONAUT,Honeywell Automation India Limited,EQ,INE671A01010
HONDAPOWER,Honda Siel Power Products Limited,EQ,INE634A01018
HOTELEELA,Hotel Leela Venture Limited,EQ,INE102A01024
HOTELRUGBY,Hotel Rugby Limited,BE,INE275F01019
HOVS,HOV Services Limited,EQ,INE596H01014
HPL,HPL Electric & Power Limited,EQ,INE495S01016
HSCL,Himadri Speciality Chemical Limited,EQ,INE019C01026
HSIL,HSIL Limited,EQ,INE415A01038
HTMEDIA,HT Media Limited,EQ,INE501G01024
HUBTOWN,Hubtown Limited,EQ,INE703H01016
HUDCO,Housing & Urban Development Corporation Limited,EQ,INE031A01017
IBREALEST,Indiabulls Real Estate Limited,EQ,INE069I01010
IBULHSGFIN,Indiabulls Housing Finance Limited,EQ,INE148I01020
IBULISL,Indiabulls Integrated Services Limited,BE,INE126M01010
IBVENTURES,Indiabulls Ventures Limited,BE,INE274G01010
ICICIBANK,ICICI Bank Limited,EQ,INE090A01021
ICICIGI,ICICI Lombard General Insurance Company Limited,EQ,INE765G01017
ICICIPRULI,ICICI Prudential Life Insurance Company Limited,EQ,INE726G01019
ICIL,Indo Count Industries Limited,EQ,INE483B01026
ICRA,ICRA Limited,EQ,INE725G01011
ICSA,ICSA (India) Limited,BE,INE306B01029
IDBI,IDBI Bank Limited,EQ,INE008A01015
IDEA,Idea Cellular Limited,EQ,INE669E01016
IDFC,IDFC Limited,EQ,INE043D01016
IDFCBANK,IDFC Bank Limited,EQ,INE092T01019
IEX,Indian Energy Exchange Limited,EQ,INE022Q01012
IFBAGRO,IFB Agro Industries Limited,EQ,INE076C01018
IFBIND,IFB Industries Limited,EQ,INE559A01017
IFCI,IFCI Limited,EQ,INE039A01010
IFGLEXPOR,IFGL Refractories Limited,EQ,INE133Y01011
IGARASHI,Igarashi Motors India Limited,EQ,INE188B01013
IGL,Indraprastha Gas Limited,EQ,INE203G01027
IGPL,IG Petrochemicals Limited,EQ,INE204A01010
IIFL,IIFL Holdings Limited,EQ,INE530B01024
IITL,Industrial Investment Trust Limited,EQ,INE886A01014
IL&FSENGG,IL&FS Engineering and Construction Company Limited,EQ,INE369I01014
IL&FSTRANS,IL&FS Transportation Networks Limited,EQ,INE975G01012
IMFA,Indian Metals & Ferro Alloys Limited,EQ,INE919H01018
IMPAL,India Motor Parts and Accessories Limited,EQ,INE547E01014
IMPEXFERRO,Impex Ferro Tech Limited,BE,INE691G01015
INDBANK,Indbank Merchant Banking Services Limited,EQ,INE841B01017
INDHOTEL,The Indian Hotels Company Limited,EQ,INE053A01029
INDIACEM,The India Cements Limited,EQ,INE383A01012
INDIAGLYCO,India Glycols Limited,EQ,INE560A01015
INDIANB,Indian Bank,EQ,INE562A01011
INDIANCARD,Indian Card Clothing Company Limited,EQ,INE061A01014
INDIANHUME,Indian Hume Pipe Company Limited,EQ,INE323C01030
INDIGO,InterGlobe Aviation Limited,EQ,INE646L01027
INDLMETER,IMP Powers Limited,EQ,INE065B01013
INDNIPPON,India Nippon Electricals Limited,EQ,INE092B01025
INDOCO,Indoco Remedies Limited,EQ,INE873D01024
INDORAMA,Indo Rama Synthetics (India) Limited,EQ,INE156A01020
INDOSOLAR,Indosolar Limited,EQ,INE866K01015
INDOSTAR,IndoStar Capital Finance Limited,EQ,INE896L01010
INDOTECH,Indo Tech Transformers Limited,EQ,INE332H01014
INDOTHAI,Indo Thai Securities Limited,EQ,INE337M01013
INDOWIND,Indowind Energy Limited,EQ,INE227G01018
INDRAMEDCO,Indraprastha Medical Corporation Limited,EQ,INE681B01017
INDSWFTLAB,Ind-Swift Laboratories Limited,EQ,INE915B01019
INDSWFTLTD,Ind-Swift Limited,EQ,INE788B01028
INDTERRAIN,Indian Terrain Fashions Limited,EQ,INE611L01021
INDUSINDBK,IndusInd Bank Limited,EQ,INE095A01012
INEOSSTYRO,INEOS Styrolution India Limited,EQ,INE189B01011
INFIBEAM,Infibeam Avenues Limited,EQ,INE483S01020
INFINITE,Infinite Computer Solutions (India) Limited,EQ,INE486J01014
INFRATEL,Bharti Infratel Limited,EQ,INE121J01017
INFY,Infosys Limited,EQ,INE009A01021
INGERRAND,Ingersoll Rand (India) Limited,EQ,INE177A01018
INOXLEISUR,INOX Leisure Limited,EQ,INE312H01016
INOXWIND,Inox Wind Limited,EQ,INE066P01011
INSECTICID,Insecticides (India) Limited,EQ,INE070I01018
INTEGRA,Integra Garments and Textiles Limited,BE,INE418N01027
INTELLECT,Intellect Design Arena Limited,EQ,INE306R01017
INTENTECH,Intense Technologies Limited,EQ,INE781A01025
INVENTURE,Inventure Growth & Securities Limited,EQ,INE878H01016
IOB,Indian Overseas Bank,EQ,INE565A01014
IOC,Indian Oil Corporation Limited,EQ,INE242A01010
IOLCP,IOL Chemicals and Pharmaceuticals Limited,EQ,INE485C01011
IPAPPM,International Paper APPM Limited,EQ,INE435A01028
IPCALAB,IPCA Laboratories Limited,EQ,INE571A01020
IRB,IRB Infrastructure Developers Limited,EQ,INE821I01014
ISEC,ICICI Securities Limited,EQ,INE763G01038
ISFT,Intrasoft Technologies Limited,EQ,INE566K01011
ISMTLTD,ISMT Limited,EQ,INE732F01019
ITC,ITC Limited,EQ,INE154A01025
ITDC,India Tourism Development Corporation Limited,EQ,INE353K01014
ITDCEM,ITD Cementation India Limited,EQ,INE686A01026
ITI,ITI Limited,EQ,INE248A01017
IVC,IL&FS Investment Managers Limited,EQ,INE050B01023
IVP,IVP Limited,EQ,INE043C01018
IVRCLINFRA,IVRCL Limited,BE,INE875A01025
IZMO,IZMO Limited,EQ,INE848A01014
J&KBANK,The Jammu & Kashmir Bank Limited,EQ,INE168A01041
JAGRAN,Jagran Prakashan Limited,EQ,INE199G01027
JAGSNPHARM,Jagsonpal Pharmaceuticals Limited,EQ,INE048B01027
JAIBALAJI,Jai Balaji Industries Limited,EQ,INE091G01018
JAICORPLTD,Jai Corp Limited,EQ,INE070D01027
JAIHINDPRO,Jaihind Projects Limited,EQ,INE343D01010
JAINSTUDIO,Jain Studios Limited,BE,INE486B01011
JAMNAAUTO,Jamna Auto Industries Limited,EQ,INE039C01032
JAYAGROGN,Jayant Agro Organics Limited,EQ,INE785A01026
JAYBARMARU,Jay Bharat Maruti Limited,EQ,INE571B01028
JAYNECOIND,Jayaswal Neco Industries Limited,EQ,INE854B01010
JAYSREETEA,Jayshree Tea & Industries Limited,EQ,INE364A01020
JBCHEPHARM,JB Chemicals & Pharmaceuticals Limited,EQ,INE572A01028
JBFIND,JBF Industries Limited,BE,INE187A01017
JBMA,JBM Auto Limited,EQ,INE927D01028
JCHAC,Johnson Controls � Hitachi Air Conditioning India Limited,EQ,INE782A01015
JETAIRWAYS,Jet Airways (India) Limited,EQ,INE802G01018
JHS,JHS Svendgaard Laboratories Limited,EQ,INE544H01014
JIKIND,JIK Industries Limited,BE,INE026B01049
JINDALPHOT,Jindal Photo Limited,EQ,INE796G01012
JINDALPOLY,Jindal Poly Films Limited,EQ,INE197D01010
JINDALSAW,Jindal Saw Limited,EQ,INE324A01024
JINDALSTEL,Jindal Steel & Power Limited,EQ,INE749A01030
JINDCOT,Jindal Cotex Limited,EQ,INE904J01016
JINDRILL,Jindal Drilling And Industries Limited,EQ,INE742C01031
JINDWORLD,Jindal Worldwide Limited,EQ,INE247D01021
JISLDVREQS,Jain Irrigation Systems Limited,EQ,IN9175A01010
JISLJALEQS,Jain Irrigation Systems Limited,EQ,INE175A01038
JITFINFRA,JITF Infralogistics Limited,BE,INE863T01013
JKCEMENT,JK Cement Limited,EQ,INE823G01014
JKIL,J.Kumar Infraprojects Limited,EQ,INE576I01022
JKLAKSHMI,JK Lakshmi Cement Limited,EQ,INE786A01032
JKPAPER,JK Paper Limited,EQ,INE789E01012
JKTYRE,JK Tyre & Industries Limited,EQ,INE573A01042
JMA,Jullundur Motor Agency (Delhi) Limited,EQ,INE412C01015
JMCPROJECT,JMC Projects (India)  Limited,EQ,INE890A01016
JMFINANCIL,JM Financial Limited,EQ,INE780C01023
JMTAUTOLTD,JMT Auto Limited,BE,INE988E01036
JOCIL,Jocil Limited,EQ,INE839G01010
JPASSOCIAT,Jaiprakash Associates Limited,EQ,INE455F01025
JPINFRATEC,Jaypee Infratech Limited,BE,INE099J01015
JPOLYINVST,Jindal Poly Investment and Finance Company Limited,EQ,INE147P01019
JPPOWER,Jaiprakash Power Ventures Limited,EQ,INE351F01018
JSL,Jindal Stainless Limited,EQ,INE220G01021
JSLHISAR,Jindal Stainless (Hisar) Limited,EQ,INE455T01018
JSWENERGY,JSW Energy Limited,EQ,INE121E01018
JSWHL,JSW Holdings Limited,EQ,INE824G01012
JSWSTEEL,JSW Steel Limited,EQ,INE019A01038
JTEKTINDIA,Jtekt India Limited,EQ,INE643A01035
JUBILANT,Jubilant Life Sciences Limited,EQ,INE700A01033
JUBLFOOD,Jubilant Foodworks Limited,EQ,INE797F01012
JUBLINDS,Jubilant Industries Limited,EQ,INE645L01011
JUSTDIAL,Just Dial Limited,EQ,INE599M01018
JVLAGRO,JVL Agro Industries Limited,EQ,INE430G01026
JYOTHYLAB,Jyothy Laboratories Limited,EQ,INE668F01031
JYOTISTRUC,Jyoti Structures Limited,BZ,INE197A01024
KABRAEXTRU,Kabra Extrusion Technik Limited,EQ,INE900B01029
KAJARIACER,Kajaria Ceramics Limited,EQ,INE217B01036
KAKATCEM,Kakatiya Cement Sugar & Industries Limited,EQ,INE437B01014
KALPATPOWR,Kalpataru Power Transmission Limited,EQ,INE220B01022
KALYANI,Kalyani Commercials Limited,BE,INE610E01010
KALYANIFRG,Kalyani Forge Limited,BE,INE314G01014
KAMATHOTEL,Kamat Hotels (I) Limited,EQ,INE967C01018
KAMDHENU,Kamdhenu Limited,EQ,INE390H01012
KANANIIND,Kanani Industries Limited,EQ,INE879E01037
KANORICHEM,Kanoria Chemicals & Industries Limited,EQ,INE138C01024
KANSAINER,Kansai Nerolac Paints Limited,EQ,INE531A01024
KARDA,Karda Constructions Limited,EQ,INE278R01018
KARMAENG,Karma Energy Limited,EQ,INE725L01011
KARURVYSYA,Karur Vysya Bank Limited,EQ,INE036D01028
KAUSHALYA,Kaushalya Infrastructure Development Corporation Limited,EQ,INE234I01010
KAVVERITEL,Kavveri Telecom Products Limited,EQ,INE641C01019
KAYA,Kaya Limited,EQ,INE587G01015
KCP,KCP Limited,EQ,INE805C01028
KCPSUGIND,KCP Sugar and Industries Corporation Limited,EQ,INE790B01024
KDDL,KDDL Limited,EQ,INE291D01011
KEC,KEC International Limited,EQ,INE389H01022
KECL,Kirloskar Electric Company Limited,EQ,INE134B01017
KEI,KEI Industries Limited,EQ,INE878B01027
KELLTONTEC,Kellton Tech Solutions Limited,EQ,INE164B01022
KERNEX,Kernex Microsystems (India) Limited,BE,INE202H01019
KESARENT,Kesar Enterprises Limited,EQ,INE133B01019
KESORAMIND,Kesoram Industries Limited,EQ,INE087A01019
KEYCORPSER,Keynote Corporate Services Limited,EQ,INE681C01015
KGL,Karuturi Global Limited,BE,INE299C01024
KHADIM,Khadim India Limited,EQ,INE834I01025
KHAITANELE,Khaitan Electricals Limited,BE,INE761A01019
KHAITANLTD,Khaitan (India) Limited,EQ,INE731C01018
KHANDSE,Khandwala Securities Limited,EQ,INE060B01014
KICL,Kalyani Investment Company Limited,EQ,INE029L01018
KILITCH,Kilitch Drugs (India) Limited,EQ,INE729D01010
KINGFA,Kingfa Science & Technology (India) Limited,EQ,INE473D01015
KIOCL,KIOCL Limited,EQ,INE880L01014
KIRIINDUS,Kiri Industries Limited,EQ,INE415I01015
KIRLOSBROS,Kirloskar Brothers Limited,EQ,INE732A01036
KIRLOSENG,Kirloskar Oil Engines Limited,EQ,INE146L01010
KIRLOSIND,Kirloskar Industries Limited,EQ,INE250A01039
KITEX,Kitex Garments Limited,EQ,INE602G01020
KKCL,Kewal Kiran Clothing Limited,EQ,INE401H01017
KMSUGAR,K.M.Sugar Mills Limited,EQ,INE157H01023
KNRCON,KNR Constructions Limited,EQ,INE634I01029
KOHINOOR,Kohinoor Foods Limited,EQ,INE080B01012
KOKUYOCMLN,Kokuyo Camlin Limited,EQ,INE760A01029
KOLTEPATIL,Kolte - Patil Developers Limited,EQ,INE094I01018
KOPRAN,Kopran Limited,EQ,INE082A01010
KOTAKBANK,Kotak Mahindra Bank Limited,EQ,INE237A01028
KOTARISUG,Kothari Sugars And Chemicals Limited,EQ,INE419A01022
KOTHARIPET,Kothari Petrochemicals Limited,EQ,INE720A01015
KOTHARIPRO,Kothari Products Limited,EQ,INE823A01017
KPIT,KPIT Technologies Limited,EQ,INE836A01035
KPRMILL,K.P.R. Mill Limited,EQ,INE930H01023
KRBL,KRBL Limited,EQ,INE001B01026
KREBSBIO,Krebs Biochemicals and Industries Limited,BE,INE268B01013
KRIDHANINF,Kridhan Infra Limited,EQ,INE524L01026
KSBPUMPS,KSB Pumps Limited,EQ,INE999A01015
KSCL,Kaveri Seed Company Limited,EQ,INE455I01029
KSERASERA,KSS Limited,BE,INE216D01026
KSK,KSK Energy Ventures Limited,EQ,INE143H01015
KSL,Kalyani Steels Limited,EQ,INE907A01026
KTIL,Kesar Terminals & Infrastructure Limited,EQ,INE096L01025
KTKBANK,The Karnataka Bank Limited,EQ,INE614B01018
KWALITY,kwality limited,EQ,INE775B01025
L&TFH,L&T Finance Holdings Limited,EQ,INE498L01015
LAKPRE,Lakshmi Precision Screws Limited,EQ,INE651C01018
LAKSHMIEFL,Lakshmi Energy and Foods Limited,EQ,INE992B01026
LAKSHVILAS,Lakshmi Vilas Bank Limited,EQ,INE694C01018
LALPATHLAB,Dr. Lal Path Labs Ltd.,EQ,INE600L01024
LAMBODHARA,Lambodhara Textiles Limited,EQ,INE112F01022
LAOPALA,La Opala RG Limited,EQ,INE059D01020
LASA,Lasa Supergenerics Limited,EQ,INE670X01014
LAURUSLABS,Laurus Labs Limited,EQ,INE947Q01010
LAXMIMACH,Lakshmi Machine Works Limited,EQ,INE269B01029
LEEL,LEEL Electricals Limited,EQ,INE245C01019
LEMONTREE,Lemon Tree Hotels Limited,EQ,INE970X01018
LFIC,Lakshmi Finance & Industrial Corporation Limited,BE,INE850E01012
LGBBROSLTD,LG Balakrishnan & Bros Limited,EQ,INE337A01034
LGBFORGE,LGB Forge Limited,BE,INE201J01017
LIBERTSHOE,Liberty Shoes Limited,EQ,INE557B01019
LICHSGFIN,LIC Housing Finance Limited,EQ,INE115A01026
LINCOLN,Lincoln Pharmaceuticals Limited,EQ,INE405C01035
LINCPEN,Linc Pen & Plastics Limited,EQ,INE802B01019
LINDEINDIA,Linde India Limited,EQ,INE473A01011
LITL,Lanco Infratech Limited,EQ,INE785C01048
LOKESHMACH,Lokesh Machines Limited,EQ,INE397H01017
LOTUSEYE,Lotus Eye Hospital and Institute Limited,EQ,INE947I01017
LOVABLE,Lovable Lingerie Limited,EQ,INE597L01014
LPDC,Landmark Property Development Company Limited,EQ,INE197J01017
LSIL,Lloyds Steels Industries Limited,EQ,INE093R01011
LT,Larsen & Toubro Limited,EQ,INE018A01030
LTI,Larsen & Toubro Infotech Limited,EQ,INE214T01019
LTTS,L&T Technology Services Limited,EQ,INE010V01017
LUMAXIND,Lumax Industries Limited,EQ,INE162B01018
LUMAXTECH,Lumax Auto Technologies Limited,EQ,INE872H01027
LUPIN,Lupin Limited,EQ,INE326A01037
LUXIND,Lux Industries Limited,EQ,INE150G01020
LYCOS,Lycos Internet Limited,EQ,INE425B01027
LYKALABS,Lyka Labs Limited,EQ,INE933A01014
LYPSAGEMS,Lypsa Gems & Jewellery Limited,EQ,INE142K01011
M&M,Mahindra & Mahindra Limited,EQ,INE101A01026
M&MFIN,Mahindra & Mahindra Financial Services Limited,EQ,INE774D01024
MAANALU,Maan Aluminium Limited,EQ,INE215I01019
MADHAV,Madhav Marbles and Granites Limited,EQ,INE925C01016
MADHUCON,Madhucon Projects Limited,EQ,INE378D01032
MADRASFERT,Madras Fertilizers Limited,EQ,INE414A01015
MAGADSUGAR,Magadh Sugar & Energy Limited,EQ,INE347W01011
MAGMA,Magma Fincorp Limited,EQ,INE511C01022
MAGNUM,Magnum Ventures Limited,EQ,INE387I01016
MAHABANK,Bank of Maharashtra,EQ,INE457A01014
MAHAPEXLTD,Maha Rashtra Apex Corporation Limited,BE,INE843B01013
MAHASTEEL,Mahamaya Steel Industries Limited,EQ,INE451L01014
MAHINDCIE,Mahindra CIE Automotive Limited,EQ,INE536H01010
MAHLIFE,Mahindra Lifespace Developers Limited,EQ,INE813A01018
MAHLOG,Mahindra Logistics Limited,EQ,INE766P01016
MAHSCOOTER,Maharashtra Scooters Limited,EQ,INE288A01013
MAHSEAMLES,Maharashtra Seamless Limited,EQ,INE271B01025
MAITHANALL,Maithan Alloys Limited,EQ,INE683C01011
MAJESCO,Majesco Limited,EQ,INE898S01029
MALUPAPER,Malu Paper Mills Limited,EQ,INE383H01017
MANAKALUCO,Manaksia Aluminium Company Limited,EQ,INE859Q01017
MANAKCOAT,Manaksia Coated Metals & Industries Limited,EQ,INE830Q01018
MANAKSIA,Manaksia Limited,EQ,INE015D01022
MANAKSTEEL,Manaksia Steels Limited,EQ,INE824Q01011
MANALIPETC,Manali Petrochemicals Limited,EQ,INE201A01024
MANAPPURAM,Manappuram Finance Limited,EQ,INE522D01027
MANDHANA,Mandhana Industries Limited,BE,INE087J01010
MANGALAM,Mangalam Drugs And Organics Limited,EQ,INE584F01014
MANGCHEFER,Mangalore Chemicals & Fertilizers Limited,EQ,INE558B01017
MANGLMCEM,Mangalam Cement Limited,EQ,INE347A01017
MANGTIMBER,Mangalam Timber Products Limited,EQ,INE805B01012
MANINDS,Man Industries (India) Limited,EQ,INE993A01026
MANINFRA,Man Infraconstruction Limited,EQ,INE949H01023
MANPASAND,Manpasand Beverages Limited,EQ,INE122R01018
MANUGRAPH,Manugraph India Limited,EQ,INE867A01022
MARALOVER,Maral Overseas Limited,EQ,INE882A01013
MARATHON,Marathon Nextgen Realty Limited,EQ,INE182D01020
MARICO,Marico Limited,EQ,INE196A01026
MARKSANS,Marksans Pharma Limited,EQ,INE750C01026
MARUTI,Maruti Suzuki India Limited,EQ,INE585B01010
MASFIN,MAS Financial Services Limited,EQ,INE348L01012
MASTEK,Mastek Limited,EQ,INE759A01021
MATRIMONY,Matrimony.Com Limited,EQ,INE866R01028
MAWANASUG,Mawana Sugars Limited,EQ,INE636A01039
MAXINDIA,Max India Limited,EQ,INE153U01017
MAXVIL,Max Ventures and Industries Limited,EQ,INE154U01015
MAYURUNIQ,Mayur Uniquoters Ltd,EQ,INE040D01038
MAZDA,Mazda Limited,EQ,INE885E01034
MBECL,Mcnally Bharat Engineering Company Limited,BE,INE748A01016
MBLINFRA,MBL Infrastructures Limited,EQ,INE912H01013
MCDHOLDING,McDowell Holdings Limited,EQ,INE836H01014
MCDOWELL-N,United Spirits Limited,EQ,INE854D01024
MCLEODRUSS,Mcleod Russel India Limited,EQ,INE942G01012
MCX,Multi Commodity Exchange of India Limited,EQ,INE745G01035
MEGASOFT,Megasoft Limited,EQ,INE933B01012
MEGH,Meghmani Organics Limited,EQ,INE974H01013
MELSTAR,Melstar Information Technologies Limited,BE,INE817A01019
MENONBE,Menon Bearings Limited,EQ,INE071D01033
MEP,MEP Infrastructure Developers Limited,EQ,INE776I01010
MERCATOR,Mercator Limited,EQ,INE934B01028
MERCK,Merck Limited,EQ,INE199A01012
METALFORGE,Metalyst Forgings Limited,BE,INE425A01011
METKORE,Metkore Alloys & Industries Limited,EQ,INE592I01029
MFSL,Max Financial Services Limited,EQ,INE180A01020
MGL,Mahanagar Gas Limited,EQ,INE002S01010
MHRIL,Mahindra Holidays & Resorts India Limited,EQ,INE998I01010
MIC,MIC Electronics Limited,EQ,INE287C01029
MIDHANI,Mishra Dhatu Nigam Limited,EQ,INE099Z01011
MINDACORP,Minda Corporation Limited,EQ,INE842C01021
MINDAIND,Minda Industries Limited,EQ,INE405E01023
MINDTECK,Mindteck (India) Limited,EQ,INE110B01017
MINDTREE,MindTree Limited,EQ,INE018I01017
MIRCELECTR,MIRC Electronics Limited,EQ,INE831A01028
MIRZAINT,Mirza International Limited,EQ,INE771A01026
MMFL,MM Forgings Limited,EQ,INE227C01017
MMTC,MMTC Limited,EQ,INE123F01029
MODIRUBBER,Modi Rubber Limited,BE,INE832A01018
MOHITIND,Mohit Industries Limited,EQ,INE954E01012
MOHOTAIND,Mohota Industries Limited,EQ,INE313D01013
MOIL,MOIL Limited,EQ,INE490G01020
MOLDTECH,Mold-Tek Technologies Limited,EQ,INE835B01035
MOLDTKPAC,Mold-Tek Packaging Limited,EQ,INE893J01029
MONNETISPA,Monnet Ispat and Energy Limited,BE,INE743C01013
MONSANTO,Monsanto India Limited,EQ,INE274B01011
MONTECARLO,Monte Carlo Fashions Limited,EQ,INE950M01013
MORARJEE,Morarjee Textiles Limited,EQ,INE161G01027
MOREPENLAB,Morepen Laboratories Limited,EQ,INE083A01026
MOSERBAER,Moser-Baer (I) Limited,BZ,INE739A01015
MOTHERSUMI,Motherson Sumi Systems Limited,EQ,INE775A01035
MOTILALOFS,Motilal Oswal Financial Services Limited,EQ,INE338I01027
MOTOGENFIN,The Motor & General Finance Limited,EQ,INE861B01015
MPHASIS,MphasiS Limited,EQ,INE356A01018
MPSLTD,MPS Limited,EQ,INE943D01017
MRF,MRF Limited,EQ,INE883A01011
MRO-TEK,MRO-TEK Realty Limited,EQ,INE398B01018
MRPL,Mangalore Refinery and Petrochemicals Limited,EQ,INE103A01014
MSPL,MSP Steel & Power Limited,EQ,INE752G01015
MTEDUCARE,MT Educare Limited,EQ,INE472M01018
MTNL,Mahanagar Telephone Nigam Limited,EQ,INE153A01019
MUKANDENGG,Mukand Engineers Limited,EQ,INE022B01014
MUKANDLTD,Mukand Limited,EQ,INE304A01026
MUKTAARTS,Mukta Arts Limited,EQ,INE374B01019
MUNJALAU,Munjal Auto Industries Limited,EQ,INE672B01032
MUNJALSHOW,Munjal Showa Limited,EQ,INE577A01027
MURUDCERA,Murudeshwar Ceramics Limited,EQ,INE692B01014
MUTHOOTCAP,Muthoot Capital Services Limited,EQ,INE296G01013
MUTHOOTFIN,Muthoot Finance Limited,EQ,INE414G01012
MVL,MVL Limited,EQ,INE744I01034
NACLIND,NACL Industries Limited,EQ,INE295D01020
NAGAFERT,Nagarjuna Fertilizers and Chemicals Limited,EQ,INE454M01024
NAGAROIL,Nagarjuna Oil Refinery Limited,EQ,INE453M01018
NAGREEKCAP,Nagreeka Capital & Infrastructure Limited,EQ,INE245I01016
NAGREEKEXP,Nagreeka Exports Limited,EQ,INE123B01028
NAHARCAP,Nahar Capital and Financial Services Limited,EQ,INE049I01012
NAHARINDUS,Nahar Industrial Enterprises Limited,EQ,INE289A01011
NAHARPOLY,Nahar Poly Films Limited,EQ,INE308A01027
NAHARSPING,Nahar Spinning Mills Limited,EQ,INE290A01027
NATCOPHARM,Natco Pharma Limited,EQ,INE987B01026
NATHBIOGEN,Nath Bio-Genes (India) Limited,EQ,INE448G01010
NATIONALUM,National Aluminium Company Limited,EQ,INE139A01034
NATNLSTEEL,National Steel And Agro Industries Limited,EQ,INE088B01015
NAUKRI,Info Edge (India) Limited,EQ,INE663F01024
NAVINFLUOR,Navin Fluorine International Limited,EQ,INE048G01026
NAVKARCORP,Navkar Corporation Limited,EQ,INE278M01019
NAVNETEDUL,Navneet Education Limited,EQ,INE060A01024
NBCC,NBCC (India) Limited,EQ,INE095N01031
NBIFIN,N. B. I. Industrial Finance Company Limited,EQ,INE365I01020
NBVENTURES,Nava Bharat Ventures Limited,EQ,INE725A01022
NCC,NCC Limited,EQ,INE868B01028
NCLIND,NCL Industries Limited,EQ,INE732C01016
NDGL,Naga Dhunseri Group Limited,EQ,INE756C01015
NDL,Nandan Denim Limited,EQ,INE875G01030
NDTV,New Delhi Television Limited,BE,INE155G01029
NECCLTD,North Eastern Carrying Corporation Limited,EQ,INE553C01016
NECLIFE,Nectar Lifesciences Limited,EQ,INE023H01027
NELCAST,Nelcast Limited,EQ,INE189I01024
NELCO,NELCO Limited,EQ,INE045B01015
NESCO,Nesco Limited,EQ,INE317F01035
NESTLEIND,Nestle India Limited,EQ,INE239A01016
NETWORK18,Network18 Media & Investments Limited,EQ,INE870H01013
NEULANDLAB,Neuland Laboratories Limited,EQ,INE794A01010
NEWGEN,Newgen Software Technologies Limited,EQ,INE619B01017
NEXTMEDIA,Next Mediaworks Limited,EQ,INE747B01016
NFL,National Fertilizers Limited,EQ,INE870D01012
NH,Narayana Hrudayalaya Ltd.,EQ,INE410P01011
NHPC,NHPC Limited,EQ,INE848E01016
NIACL,The New India Assurance Company Limited,EQ,INE470Y01017
NIBL,NRB Industrial Bearings Limited,EQ,INE047O01014
NIITLTD,NIIT Limited,EQ,INE161A01038
NIITTECH,NIIT Technologies Limited,EQ,INE591G01017
NILAINFRA,Nila Infrastructures Limited,EQ,INE937C01029
NILKAMAL,Nilkamal Limited,EQ,INE310A01015
NIPPOBATRY,Indo-National Limited,EQ,INE567A01010
NIRAJISPAT,Niraj Ispat Industries Limited,BE,INE326T01011
NITCO,Nitco Limited,EQ,INE858F01012
NITESHEST,Nitesh Estates Limited,EQ,INE639K01016
NITINFIRE,Nitin Fire Protection Industries Limited,EQ,INE489H01020
NITINSPIN,Nitin Spinners Limited,EQ,INE229H01012
NKIND,NK Industries Limited,EQ,INE542C01019
NLCINDIA,NLC India Limited,EQ,INE589A01014
NMDC,NMDC Limited,EQ,INE584A01023
NOCIL,NOCIL Limited,EQ,INE163A01018
NOIDATOLL,Noida Toll Bridge Company Limited,EQ,INE781B01015
NORBTEAEXP,Norben Tea & Exports Limited,BE,INE369C01017
NRAIL,N R Agarwal Industries Limited,EQ,INE740D01017
NRBBEARING,NRB Bearing Limited,EQ,INE349A01021
NSIL,Nalwa Sons Investments Limited,EQ,INE023A01030
NTL,Neueon Towers Limited,BE,INE333I01036
NTPC,NTPC Limited,EQ,INE733E01010
NUCLEUS,Nucleus Software Exports Limited,EQ,INE096B01018
NUTEK,Nu Tek India Limited,EQ,INE318J01027
OBEROIRLTY,Oberoi Realty Limited,EQ,INE093I01010
OCCL,Oriental Carbon & Chemicals Limited,EQ,INE321D01016
OCL,OCL India Limited,EQ,INE290B01025
OFSS,Oracle Financial Services Software Limited,EQ,INE881D01027
OIL,Oil India Limited,EQ,INE274J01014
OILCOUNTUB,Oil Country Tubular Limited,EQ,INE591A01010
OISL,OCL Iron and Steel Limited,EQ,INE196J01019
OLECTRA,Olectra Greentech Limited,BE,INE260D01016
OMAXAUTO,Omax Autos Limited,EQ,INE090B01011
OMAXE,Omaxe Limited,EQ,INE800H01010
OMKARCHEM,Omkar Speciality Chemicals Limited,EQ,INE474L01016
OMMETALS,OM Metals Infraprojects Limited,EQ,INE239D01028
ONELIFECAP,Onelife Capital Advisors Limited,EQ,INE912L01015
ONGC,Oil & Natural Gas Corporation Limited,EQ,INE213A01029
ONMOBILE,OnMobile Global Limited,EQ,INE809I01019
ONWARDTEC,Onward Technologies Limited,EQ,INE229A01017
OPTIEMUS,Optiemus Infracom Limited,BE,INE350C01017
OPTOCIRCUI,Opto Circuits (India) Limited,BE,INE808B01016
ORBTEXP,Orbit Exports Limited,EQ,INE231G01010
ORCHIDPHAR,Orchid Pharma Limited,BZ,INE191A01019
ORICONENT,Oricon Enterprises Limited,EQ,INE730A01022
ORIENTABRA,Orient Abrasives Limited,EQ,INE569C01020
ORIENTALTL,Oriental Trimex Limited,EQ,INE998H01012
ORIENTBANK,Oriental Bank of Commerce,EQ,INE141A01014
ORIENTBELL,Orient Bell Limited,EQ,INE607D01018
ORIENTCEM,Orient Cement Limited,EQ,INE876N01018
ORIENTELEC,Orient Electric Limited,EQ,INE142Z01019
ORIENTHOT,Oriental Hotels Limited,EQ,INE750A01020
ORIENTLTD,Orient Press Limited,EQ,INE609C01024
ORIENTPPR,Orient Paper & Industries Limited,EQ,INE592A01026
ORIENTREF,Orient Refractories Limited,EQ,INE743M01012
ORISSAMINE,The Orissa Minerals Development Company Limited,EQ,INE725E01024
ORTEL,Ortel Communications Limited,BE,INE849L01019
ORTINLABSS,Ortin Laboratories Limited,EQ,INE749B01012
OSWALAGRO,Oswal Agro Mills Limited,EQ,INE142A01012
PAEL,PAE Limited,EQ,INE766A01018
PAGEIND,Page Industries Limited,EQ,INE761H01022
PAISALO,Paisalo Digital Limited,EQ,INE420C01042
PALASHSECU,Palash Securities Limited,EQ,INE471W01019
PALREDTEC,Palred Technologies Limited,EQ,INE218G01033
PANACEABIO,Panacea Biotec Limited,EQ,INE922B01023
PANAMAPET,Panama Petrochem Limited,EQ,INE305C01029
PANORAMUNI,Panoramic Universal Limited,BZ,INE194B01029
PAPERPROD,Huhtamaki PPL Limited,EQ,INE275B01026
PARABDRUGS,Parabolic Drugs Limited,EQ,INE618H01016
PARACABLES,Paramount Communications Limited,EQ,INE074B01023
PARAGMILK,Parag Milk Foods Limited,EQ,INE883N01014
PARSVNATH,Parsvnath Developers Limited,EQ,INE561H01026
PATELENG,Patel Engineering Limited,EQ,INE244B01030
PATINTLOG,Patel Integrated Logistics Limited,EQ,INE529D01014
PATSPINLTD,Patspin India Limited,EQ,INE790C01014
PBAINFRA,PBA Infrastructure Limited,EQ,INE160H01019
PCJEWELLER,PC Jeweller Limited,EQ,INE785M01013
PDMJEPAPER,Pudumjee Paper Products Limited,EQ,INE865T01018
PDPL,Parenteral Drugs (India) Limited,EQ,INE904D01019
PDSMFL,PDS Multinational Fashions Limited,EQ,INE111Q01013
PEARLPOLY,Pearl Polymers Limited,EQ,INE844A01013
PEL,Piramal Enterprises Limited,EQ,INE140A01024
PENIND,Pennar Industries Limited,EQ,INE932A01024
PENINLAND,Peninsula Land Limited,EQ,INE138A01028
PENPEBS,Pennar Engineered Building Systems Limited,EQ,INE455O01019
PERSISTENT,Persistent Systems Limited,EQ,INE262H01013
PETRONENGG,Petron Engineering Construction Limited,EQ,INE742A01019
PETRONET,Petronet LNG Limited,EQ,INE347G01014
PFC,Power Finance Corporation Limited,EQ,INE134E01011
PFIZER,Pfizer Limited,EQ,INE182A01018
PFOCUS,Prime Focus Limited,EQ,INE367G01038
PFS,PTC India Financial Services Limited,EQ,INE560K01014
PGEL,PG Electroplast Limited,EQ,INE457L01011
PGHH,Procter & Gamble Hygiene and Health Care Limited,EQ,INE179A01014
PGIL,Pearl Global Industries Limited,EQ,INE940H01014
PHILIPCARB,Phillips Carbon Black Limited,EQ,INE602A01023
PHOENIXLTD,The Phoenix Mills Limited,EQ,INE211B01039
PIDILITIND,Pidilite Industries Limited,EQ,INE318A01026
PIIND,PI Industries Limited,EQ,INE603J01030
PILANIINVS,Pilani Investment and Industries Corporation Limited,BE,INE417C01014
PILITA,PIL ITALICA LIFESTYLE LIMITED,EQ,INE600A01035
PIONDIST,Pioneer Distilleries Limited,EQ,INE889E01010
PIONEEREMB,Pioneer Embroideries Limited,EQ,INE156C01018
PIRPHYTO,Piramal Phytocare Limited,BE,INE122J01015
PITTIENG,Pitti Engineering Limited,EQ,INE450D01021
PKTEA,The Peria Karamalai Tea & Produce Company Limited,BE,INE431F01018
PLASTIBLEN,Plastiblends India Limited,EQ,INE083C01022
PNB,Punjab National Bank,EQ,INE160A01022
PNBGILTS,PNB Gilts Limited,EQ,INE859A01011
PNBHOUSING,PNB Housing Finance Limited,EQ,INE572E01012
PNC,Pritish Nandy Communications Limited,EQ,INE392B01011
PNCINFRA,PNC Infratech Limited,EQ,INE195J01029
POCHIRAJU,Pochiraju Industries Limited,EQ,INE332G01032
PODDARHOUS,Poddar Housing and Development Limited,EQ,INE888B01018
PODDARMENT,Poddar Pigments Limited,EQ,INE371C01013
POKARNA,Pokarna Limited,EQ,INE637C01025
POLYMED,Poly Medicure Limited,EQ,INE205C01021
POLYPLEX,Polyplex Corporation Limited,EQ,INE633B01018
PONNIERODE,Ponni Sugars (Erode) Limited,EQ,INE838E01017
POWERGRID,Power Grid Corporation of India Limited,EQ,INE752E01010
POWERMECH,Power Mech Projects Limited,EQ,INE211R01019
PPAP,PPAP Automotive Limited,EQ,INE095I01015
PRABHAT,Prabhat Dairy Limited,EQ,INE302M01033
PRADIP,Pradip Overseas Limited,BE,INE495J01015
PRAENG,Prajay Engineers Syndicate Limited,EQ,INE505C01016
PRAJIND,Praj Industries Limited,EQ,INE074A01025
PRAKASH,Prakash Industries Limited,EQ,INE603A01013
PRAKASHCON,Prakash Constrowell Limited,EQ,INE023M01027
PRATIBHA,Pratibha Industries Limited,BE,INE308H01022
PRAXIS,Praxis Home Retail Limited,EQ,INE546Y01022
PRECAM,Precision Camshafts Limited,EQ,INE484I01029
PRECOT,Precot Meridian Limited,EQ,INE283A01014
PRECWIRE,Precision Wires India Limited,EQ,INE372C01029
PREMEXPLN,Premier Explosives Limited,EQ,INE863B01011
PREMIER,Premier Limited,EQ,INE342A01018
PREMIERPOL,Premier Polyfilm Limited,EQ,INE309M01012
PRESSMN,Pressman Advertising Limited,EQ,INE980A01023
PRESTIGE,Prestige Estates Projects Limited,EQ,INE811K01011
PRICOLLTD,Pricol Limited,EQ,INE726V01018
PRIMESECU,Prime Securities Limited,EQ,INE032B01021
PROVOGE,Provogue (India) Limited,EQ,INE968G01033
PROZONINTU,Prozone Intu Properties Limited,EQ,INE195N01013
PRSMJOHNSN,Prism Johnson Limited,EQ,INE010A01011
PSB,Punjab & Sind Bank,EQ,INE608A01012
PSL,PSL Limited,EQ,INE474B01017
PSPPROJECT,PSP Projects Limited,EQ,INE488V01015
PTC,PTC India Limited,EQ,INE877F01012
PTL,PTL Enterprises Limited,EQ,INE034D01031
PUNJABCHEM,Punjab Chemicals & Crop Protection Limited,EQ,INE277B01014
PUNJLLOYD,Punj Lloyd Limited,EQ,INE701B01021
PURVA,Puravankara Limited,EQ,INE323I01011
PVP,PVP Ventures Limited,EQ,INE362A01016
PVR,PVR Limited,EQ,INE191H01014
QUESS,Quess Corp Limited,EQ,INE615P01015
QUICKHEAL,Quick Heal Technologies Limited,EQ,INE306L01010
QUINTEGRA,Quintegra Solutions Limited,EQ,INE033B01011
RADAAN,Radaan Mediaworks India Limited,EQ,INE874F01027
RADICO,Radico Khaitan Limited,EQ,INE944F01028
RADIOCITY,Music Broadcast Limited,EQ,INE919I01016
RAIN,Rain Industries Limited,BE,INE855B01025
RAINBOWPAP,Rainbow Papers Limited,BE,INE028D01025
RAJESHEXPO,Rajesh Exports Limited,EQ,INE343B01030
RAJRAYON,Raj Rayon Industries Limited,BE,INE533D01024
RAJSREESUG,Rajshree Sugars & Chemicals Limited,EQ,INE562B01019
RAJTV,Raj Television Network Limited,EQ,INE952H01027
RAJVIR,Rajvir Industries Limited,BE,INE011H01014
RALLIS,Rallis India Limited,EQ,INE613A01020
RAMANEWS,Shree Rama Newsprint Limited,EQ,INE278B01020
RAMASTEEL,Rama Steel Tubes Limited,EQ,INE230R01027
RAMCOCEM,The Ramco Cements Limited,EQ,INE331A01037
RAMCOIND,Ramco Industries Limited,EQ,INE614A01028
RAMCOSYS,Ramco Systems Limited,EQ,INE246B01019
RAMGOPOLY,Ramgopal Polytex Limited,BE,INE410D01017
RAMKY,Ramky Infrastructure Limited,EQ,INE874I01013
RAMSARUP,Ramsarup Industries Limited,BZ,INE005D01015
RANASUG,Rana Sugars Limited,EQ,INE625B01014
RANEENGINE,Rane Engine Valve Limited,EQ,INE222J01013
RANEHOLDIN,Rane Holdings Limited,EQ,INE384A01010
RATNAMANI,Ratnamani Metals & Tubes Limited,EQ,INE703B01027
RAYMOND,Raymond Limited,EQ,INE301A01014
RBL,Rane Brake Lining Limited,EQ,INE244J01017
RBLBANK,RBL Bank Limited,EQ,INE976G01028
RCF,Rashtriya Chemicals and Fertilizers Limited,EQ,INE027A01015
RCOM,Reliance Communications Limited,EQ,INE330H01018
RECLTD,Rural Electrification Corporation Limited,EQ,INE020B01018
REDINGTON,Redington (India) Limited,EQ,INE891D01026
REFEX,Refex Industries Limited,EQ,INE056I01017
REGENCERAM,Regency Ceramics Limited,BE,INE277C01012
RELAXO,Relaxo Footwears Limited,EQ,INE131B01039
RELCAPITAL,Reliance Capital Limited,EQ,INE013A01015
RELIANCE,Reliance Industries Limited,EQ,INE002A01018
RELIGARE,Religare Enterprises Limited,EQ,INE621H01010
RELINFRA,Reliance Infrastructure Limited,EQ,INE036A01016
REMSONSIND,Remsons Industries Limited,EQ,INE474C01015
RENUKA,Shree Renuka Sugars Limited,EQ,INE087H01022
REPCOHOME,Repco Home Finance Limited,EQ,INE612J01015
REPRO,Repro India Limited,EQ,INE461B01014
RESPONIND,Responsive Industries Limited,EQ,INE688D01026
REVATHI,Revathi Equipment Limited,EQ,INE617A01013
RHFL,Reliance Home Finance Limited,EQ,INE217K01011
RICOAUTO,Rico Auto Industries Limited,EQ,INE209B01025
RIIL,Reliance Industrial Infrastructure Limited,EQ,INE046A01015
RITES,RITES Limited,EQ,INE320J01015
RJL,Renaissance Jewellery Limited,EQ,INE722H01016
RKDL,Ravi Kumar Distilleries Limited,EQ,INE722J01012
RKFORGE,Ramkrishna Forgings Limited,EQ,INE399G01015
RMCL,Radha Madhav Corporation Limited,EQ,INE172H01014
RML,Rane (Madras) Limited,EQ,INE050H01012
RNAM,Reliance Nippon Life Asset Management Limited,EQ,INE298J01013
RNAVAL,Reliance Naval and Engineering Limited,EQ,INE542F01012
ROHITFERRO,Rohit Ferro-Tech Limited,EQ,INE248H01012
ROHLTD,Royal Orchid Hotels Limited,EQ,INE283H01019
ROLLT,Rollatainers Limited,EQ,INE927A01040
ROLTA,Rolta India Limited,EQ,INE293A01013
ROSSELLIND,Rossell India Limited,EQ,INE847C01020
RPGLIFE,RPG Life Sciences Limited,EQ,INE105J01010
RPOWER,Reliance Power Limited,EQ,INE614G01033
RPPINFRA,R.P.P. Infra Projects Limited,EQ,INE324L01013
RSSOFTWARE,R. S. Software (India) Limited,EQ,INE165B01029
RSWM,RSWM Limited,EQ,INE611A01016
RSYSTEMS,R Systems International Limited,EQ,INE411H01032
RTNINFRA,RattanIndia Infrastructure Limited,EQ,INE834M01019
RTNPOWER,RattanIndia Power Limited,EQ,INE399K01017
RUBYMILLS,The Ruby Mills Limited,EQ,INE301D01026
RUCHINFRA,Ruchi Infrastructure Limited,BE,INE413B01023
RUCHIRA,Ruchira Papers Limited,EQ,INE803H01014
RUCHISOYA,Ruchi Soya Industries Limited,EQ,INE619A01027
RUPA,Rupa & Company Limited,EQ,INE895B01021
RUSHIL,Rushil Decor Limited,EQ,INE573K01017
SABEVENTS,Sab Events & Governance Now Media Limited,EQ,INE860T01019
SABTN,Sri Adhikari Brothers Television Network Limited,EQ,INE416A01036
SADBHAV,Sadbhav Engineering Limited,EQ,INE226H01026
SADBHIN,Sadbhav Infrastructure Project Limited,EQ,INE764L01010
SAGCEM,Sagar Cements Limited,EQ,INE229C01013
SAIL,Steel Authority of India Limited,EQ,INE114A01011
SAKHTISUG,Sakthi Sugars Limited,EQ,INE623A01011
SAKSOFT,Saksoft Limited,EQ,INE667G01015
SAKUMA,Sakuma Exports Limited,EQ,INE190H01016
SALASAR,Salasar Techno Engineering Limited,EQ,INE170V01019
SALONA,Salona Cotspin Limited,EQ,INE498E01010
SALORAINTL,Salora International Limited,EQ,INE924A01013
SALSTEEL,S.A.L. Steel Limited,EQ,INE658G01014
SALZERELEC,Salzer Electronics Limited,EQ,INE457F01013
SAMBHAAV,Sambhaav Media Limited,EQ,INE699B01027
SANCO,Sanco Industries Limited,EQ,INE782L01012
SANDESH,The Sandesh Limited,EQ,INE583B01015
SANDHAR,Sandhar Technologies Limited,EQ,INE278H01035
SANGAMIND,Sangam (India) Limited,EQ,INE495C01010
SANGHIIND,Sanghi Industries Limited,EQ,INE999B01013
SANGHVIFOR,Sanghvi Forging and Engineering Limited,EQ,INE263L01013
SANGHVIMOV,Sanghvi Movers Limited,EQ,INE989A01024
SANOFI,Sanofi India Limited,EQ,INE058A01010
SANWARIA,Sanwaria Consumer Limited,EQ,INE890C01046
SARDAEN,Sarda Energy & Minerals Limited,EQ,INE385C01013
SAREGAMA,Saregama India Limited,EQ,INE979A01017
SARLAPOLY,Sarla Performance Fibers Limited,EQ,INE453D01025
SASKEN,Sasken Technologies Limited,EQ,INE231F01020
SASTASUNDR,Sastasundar Ventures Limited,EQ,INE019J01013
SATHAISPAT,Sathavahana Ispat Limited,EQ,INE176C01016
SATIN,Satin Creditcare Network Limited,EQ,INE836B01017
SBILIFE,SBI Life Insurance Company Limited,EQ,INE123W01016
SBIN,State Bank of India,EQ,INE062A01020
SCAPDVR,Stampede Capital Limited,EQ,INE224E01036
SCHAEFFLER,Schaeffler India Limited,EQ,INE513A01014
SCHAND,S Chand And Company Limited,EQ,INE807K01035
SCHNEIDER,Schneider Electric Infrastructure Limited,EQ,INE839M01018
SCI,Shipping Corporation Of India Limited,EQ,INE109A01011
SDBL,Som Distilleries & Breweries Limited,EQ,INE480C01012
SEAMECLTD,Seamec Limited,EQ,INE497B01018
SELAN,Selan Exploration Technology Limited,EQ,INE818A01017
SELMCL,SEL Manufacturing Company Limited,EQ,INE105I01012
SEPOWER,S.E. Power Limited,EQ,INE735M01018
SEQUENT,Sequent Scientific Limited,EQ,INE807F01027
SESHAPAPER,Seshasayee Paper and Boards Limited,EQ,INE630A01016
SETCO,Setco Automotive Limited,EQ,INE878E01021
SEZAL,Sezal Glass Limited,BZ,INE955I01036
SFL,Sheela Foam Limited,EQ,INE916U01025
SGFL,Shree Ganesh Forgings Limited,BE,INE883G01018
SGL,STL Global Limited,EQ,INE353H01010
SHAHALLOYS,Shah Alloys Limited,EQ,INE640C01011
SHAKTIPUMP,Shakti Pumps (India) Limited,EQ,INE908D01010
SHALBY,Shalby Limited,EQ,INE597J01018
SHALPAINTS,Shalimar Paints Limited,EQ,INE849C01026
SHANKARA,Shankara Building Products Limited,EQ,INE274V01019
SHANTIGEAR,Shanthi Gears Limited,EQ,INE631A01022
SHARDACROP,Sharda Cropchem Limited,EQ,INE221J01015
SHARDAMOTR,Sharda Motor Industries Limited,EQ,INE597I01010
SHARONBIO,Sharon Bio-Medicine Limited,BZ,INE028B01029
SHEMAROO,Shemaroo Entertainment Limited,EQ,INE363M01019
SHILPAMED,Shilpa Medicare Limited,EQ,INE790G01031
SHILPI,Shilpi Cable Technologies Limited,EQ,INE510K01019
SHIRPUR-G,Shirpur Gold Refinery Limited,EQ,INE196B01016
SHIVAMAUTO,Shivam Autotech Limited,EQ,INE637H01024
SHIVAMILLS,Shiva Mills Limited,EQ,INE644Y01017
SHIVATEX,Shiva Texyarn Limited,EQ,INE705C01020
SHK,S H Kelkar and Company Limited,EQ,INE500L01026
SHOPERSTOP,Shoppers Stop Limited,EQ,INE498B01024
SHREECEM,SHREE CEMENT LIMITED,EQ,INE070A01015
SHREEPUSHK,Shree Pushkar Chemicals & Fertilisers Limited,EQ,INE712K01011
SHREERAMA,Shree Rama Multi-Tech Limited,EQ,INE879A01019
SHREYANIND,Shreyans Industries Limited,EQ,INE231C01019
SHREYAS,Shreyas Shipping & Logistics Limited,EQ,INE757B01015
SHRIPISTON,Shriram Pistons & Rings Limited,BE,INE526E01018
SHRIRAMCIT,Shriram City Union Finance Limited,EQ,INE722A01011
SHRIRAMEPC,Shriram EPC Limited,EQ,INE964H01014
SHYAMCENT,Shyam Century Ferrous Limited,EQ,INE979R01011
SHYAMTEL,Shyam Telecom Limited,EQ,INE635A01023
SICAGEN,Sicagen India Limited,EQ,INE176J01011
SICAL,Sical Logistics Limited,EQ,INE075B01012
SIEMENS,Siemens Limited,EQ,INE003A01024
SIL,Standard Industries Limited,BE,INE173A01025
SILINV,SIL Investments Limited,EQ,INE923A01015
SIMBHALS,Simbhaoli Sugars Limited,EQ,INE748T01016
SIMPLEX,Simplex Projects Limited,EQ,INE898F01018
SIMPLEXINF,Simplex Infrastructures Limited,EQ,INE059B01024
SINTEX,Sintex Industries Limited,EQ,INE429C01035
SIS,Security and Intelligence Services (India) Limited,EQ,INE285J01010
SITASHREE,Sita Shree Food Products Limited,BE,INE686I01011
SITINET,Siti Networks Limited,EQ,INE965H01011
SIYSIL,Siyaram Silk Mills Limited,EQ,INE076B01028
SJVN,SJVN Limited,EQ,INE002L01015
SKFINDIA,SKF India Limited,EQ,INE640A01023
SKIL,SKIL Infrastructure Limited,EQ,INE429F01012
SKIPPER,Skipper Limited,EQ,INE439E01022
SKMEGGPROD,SKM Egg Products Export (India) Limited,EQ,INE411D01015
SMARTLINK,Smartlink Holdings Limited,EQ,INE178C01020
SMLISUZU,SML Isuzu Limited,EQ,INE294B01019
SMPL,Splendid Metal Products Limited,BE,INE215G01021
SMSLIFE,SMS Lifesciences India Limited,EQ,INE320X01016
SMSPHARMA,SMS Pharmaceuticals Limited,EQ,INE812G01025
SNOWMAN,Snowman Logistics Limited,EQ,INE734N01019
SOBHA,Sobha Limited,EQ,INE671H01015
SOLARA,Solara Active Pharma Sciences Limited,EQ,INE624Z01016
SOLARINDS,Solar Industries India Limited,EQ,INE343H01029
SOMANYCERA,Somany Ceramics Limited,EQ,INE355A01028
SOMATEX,Soma Textiles & Industries Limited,EQ,INE314C01013
SOMICONVEY,Somi Conveyor Beltings Limited,EQ,INE323J01019
SONATSOFTW,Sonata Software Limited,EQ,INE269A01021
SORILINFRA,SORIL Infra Resources Limited,EQ,INE034H01016
SOTL,Savita Oil Technologies Limited,EQ,INE035D01012
SOUTHBANK,The South Indian Bank Limited,EQ,INE683A01023
SPAL,S. P. Apparels Limited,EQ,INE212I01016
SPARC,Sun Pharma Advanced Research Company Limited,EQ,INE232I01014
SPECIALITY,Speciality Restaurants Limited,EQ,INE247M01014
SPENTEX,Spentex Industries Limited,EQ,INE376C01020
SPIC,Southern Petrochemicals Industries Corporation  Limited,EQ,INE147A01011
SPICEMOBI,Spice Mobility Limited,EQ,INE927C01020
SPLIL,SPL Industries Limited,EQ,INE978G01016
SPMLINFRA,SPML Infra Limited,EQ,INE937A01023
SPTL,Sintex Plastics Technology Limited,EQ,INE501W01021
SPYL,Shekhawati Poly-Yarn Limited,BE,INE268L01020
SQSBFSI,SQS India BFSI Limited,EQ,INE201K01015
SREEL,Sreeleathers Limited,EQ,INE099F01013
SREINFRA,SREI Infrastructure Finance Limited,EQ,INE872A01014
SRF,SRF Limited,EQ,INE647A01010
SRHHYPOLTD,Sree Rayalaseema Hi-Strength Hypo Limited,EQ,INE917H01012
SRIPIPES,Srikalahasthi Pipes Limited,EQ,INE943C01027
SRSLTD,SRS Limited,EQ,INE219H01039
SRTRANSFIN,Shriram Transport Finance Company Limited,EQ,INE721A01013
SSWL,Steel Strips Wheels Limited,EQ,INE802C01017
STAMPEDE,Stampede Capital Limited,EQ,INE224E01028
STAR,Strides Shasun Limited,EQ,INE939A01011
STARCEMENT,Star Cement Limited,EQ,INE460H01021
STARPAPER,Star Paper Mills Limited,EQ,INE733A01018
STCINDIA,The State Trading Corporation of India Limited,EQ,INE655A01013
STEELXIND,STEEL EXCHANGE INDIA LIMITED,EQ,INE503B01013
STEL,Stel Holdings Limited,EQ,INE577L01016
STERTOOLS,Sterling Tools Limited,EQ,INE334A01023
STINDIA,STI India Limited,EQ,INE090C01019
STRTECH,Sterlite Technologies Limited,EQ,INE089C01029
SUBCAPCITY,International Constructions Limited,BE,INE845C01016
SUBEX,Subex Limited,EQ,INE754A01014
SUBROS,Subros Limited,EQ,INE287B01021
SUDARSCHEM,Sudarshan Chemical Industries Limited,EQ,INE659A01023
SUJANAUNI,Sujana Universal Industries Limited,BE,INE216G01011
SUMEETINDS,Sumeet Industries Limited,BE,INE235C01010
SUMMITSEC,Summit Securities Limited,EQ,INE519C01017
SUNCLAYLTD,Sundaram Clayton Limited,EQ,INE105A01035
SUNDARAM,Sundaram Multi Pap Limited,EQ,INE108E01023
SUNDARMFIN,Sundaram Finance Limited,EQ,INE660A01013
SUNDARMHLD,Sundaram Finance Holdings Limited,EQ,INE202Z01029
SUNDRMBRAK,Sundaram Brake Linings Limited,EQ,INE073D01013
SUNDRMFAST,Sundram Fasteners Limited,EQ,INE387A01021
SUNFLAG,Sunflag Iron And Steel Company Limited,EQ,INE947A01014
SUNILHITEC,Sunil Hitech Engineers Limited,EQ,INE305H01028
SUNPHARMA,Sun Pharmaceutical Industries Limited,EQ,INE044A01036
SUNTECK,Sunteck Realty Limited,EQ,INE805D01034
SUNTV,Sun TV Network Limited,EQ,INE424H01027
SUPERHOUSE,Superhouse Limited,EQ,INE712B01010
SUPERSPIN,Super Spinning Mills Limited,EQ,INE662A01027
SUPPETRO,Supreme Petrochem Limited,EQ,INE663A01017
SUPRAJIT,Suprajit Engineering Limited,EQ,INE399C01030
SUPREMEIND,Supreme Industries Limited,EQ,INE195A01028
SUPREMEINF,Supreme Infrastructure India Limited,EQ,INE550H01011
SUPREMETEX,Supreme Tex Mart Limited,BE,INE651G01027
SURANACORP,Surana Corporation Limited,BE,INE357D01010
SURANAIND,Surana Industries Limited,BE,INE659D01019
SURANASOL,Surana Solar Limited,EQ,INE272L01022
SURANAT&P,Surana Telecom and Power Limited,EQ,INE130B01031
SURYALAXMI,Suryalakshmi Cotton Mills Limited,EQ,INE713B01026
SURYAROSNI,Surya Roshni Limited,EQ,INE335A01012
SUTLEJTEX,Sutlej Textiles and Industries Limited,EQ,INE645H01027
SUVEN,Suven Life Sciences Limited,EQ,INE495B01038
SUZLON,Suzlon Energy Limited,EQ,INE040H01021
SWANENERGY,Swan Energy Limited,EQ,INE665A01038
SWARAJENG,Swaraj Engines Limited,EQ,INE277A01016
SWELECTES,Swelect Energy Systems Limited,EQ,INE409B01013
SYMPHONY,Symphony Limited,EQ,INE225D01027
SYNCOM,Syncom Healthcare Limited,EQ,INE602K01014
SYNDIBANK,Syndicate Bank,EQ,INE667A01018
SYNGENE,Syngene International Limited,EQ,INE398R01022
TAINWALCHM,Tainwala Chemical and Plastic (I) Limited,EQ,INE123C01018
TAJGVK,Taj GVK Hotels & Resorts Limited,EQ,INE586B01026
TAKE,Take Solutions Limited,EQ,INE142I01023
TALBROAUTO,Talbros Automotive Components Limited,EQ,INE187D01011
TALWALKARS,Talwalkars Better Value Fitness Limited,EQ,INE502K01016
TALWGYM,Talwalkars Lifestyles Limited,BE,INE627Z01019
TANLA,Tanla Solutions Limited,BE,INE483C01032
TANTIACONS,Tantia Constructions Limited,BE,INE388G01018
TARAJEWELS,Tara Jewels Limited,EQ,INE799L01016
TARAPUR,Tarapur Transformers Limited,BE,INE747K01017
TARMAT,Tarmat Limited,EQ,INE924H01018
TASTYBITE,Tasty Bite Eatables Limited,EQ,INE488B01017
TATACHEM,Tata Chemicals Limited,EQ,INE092A01019
TATACOFFEE,Tata Coffee Limited,EQ,INE493A01027
TATACOMM,Tata Communications Limited,EQ,INE151A01013
TATAELXSI,Tata Elxsi Limited,EQ,INE670A01012
TATAGLOBAL,Tata Global Beverages Limited,EQ,INE192A01025
TATAINVEST,Tata Investment Corporation Limited,EQ,INE672A01018
TATAMETALI,Tata Metaliks Limited,EQ,INE056C01010
TATAMOTORS,Tata Motors Limited,EQ,INE155A01022
TATAMTRDVR,Tata Motors Limited,EQ,IN9155A01020
TATAPOWER,Tata Power Company Limited,EQ,INE245A01021
TATASPONGE,Tata Sponge Iron Limited,EQ,INE674A01014
TATASTEEL,Tata Steel Limited,EQ,INE081A01012
TBZ,Tribhovandas Bhimji Zaveri Limited,EQ,INE760L01018
TCI,Transport Corporation of India Limited,EQ,INE688A01022
TCIDEVELOP,TCI Developers Limited,EQ,INE662L01016
TCIEXP,TCI Express Limited,EQ,INE586V01016
TCIFINANCE,TCI Finance Limited,EQ,INE911B01018
TCNSBRANDS,TCNS Clothing Co. Limited,EQ,INE778U01029
TCPLPACK,TCPL Packaging Limited,EQ,INE822C01015
TCS,Tata Consultancy Services Limited,EQ,INE467B01029
TDPOWERSYS,TD Power Systems Limited,EQ,INE419M01019
TEAMLEASE,Teamlease Services Limited,EQ,INE985S01024
TECHIN,Techindia Nirman Limited,BE,INE778A01021
TECHM,Tech Mahindra Limited,EQ,INE669C01036
TECHNOFAB,Technofab Engineering Limited,EQ,INE509K01011
TEJASNET,Tejas Networks Limited,EQ,INE010J01012
TERASOFT,Tera Software Limited,EQ,INE482B01010
TEXINFRA,Texmaco Infrastructure & Holdings Limited,EQ,INE435C01024
TEXMOPIPES,Texmo Pipes and Products Limited,EQ,INE141K01013
TEXRAIL,Texmaco Rail & Engineering Limited,EQ,INE621L01012
TFCILTD,Tourism Finance Corporation of India Limited,EQ,INE305A01015
TFL,Transwarranty Finance Limited,BE,INE804H01012
TGBHOTELS,TGB Banquets And Hotels Limited,EQ,INE797H01018
THANGAMAYL,Thangamayil Jewellery Limited,EQ,INE085J01014
THEINVEST,The Investment Trust Of India Limited,EQ,INE924D01017
THEMISMED,Themis Medicare Limited,EQ,INE083B01016
THERMAX,Thermax Limited,EQ,INE152A01029
THIRUSUGAR,Thiru Arooran Sugars Limited,EQ,INE409A01015
THOMASCOOK,Thomas Cook  (India)  Limited,EQ,INE332A01027
THOMASCOTT,Thomas Scott (India) Limited,BE,INE480M01011
THYROCARE,Thyrocare Technologies Limited,EQ,INE594H01019
TI,Tilaknagar Industries Limited,EQ,INE133E01013
TIDEWATER,Tide Water Oil Company (India) Limited,EQ,INE484C01022
TIFIN,TI Financial Holdings Limited,EQ,INE149A01033
TIIL,Technocraft Industries (India) Limited,EQ,INE545H01011
TIINDIA,Tube Investments of India Limited,EQ,INE974X01010
TIJARIA,Tijaria Polypipes Limited,EQ,INE440L01017
TIL,TIL Limited,EQ,INE806C01018
TIMESGTY,Times Guaranty Limited,EQ,INE289C01025
TIMETECHNO,Time Technoplast Limited,EQ,INE508G01029
TIMKEN,Timken India Limited,EQ,INE325A01013
TINPLATE,The Tinplate Company of India Limited,EQ,INE422C01014
TIPSINDLTD,TIPS Industries Limited,EQ,INE716B01011
TIRUMALCHM,Thirumalai Chemicals Limited,EQ,INE338A01016
TITAN,Titan Company Limited,EQ,INE280A01028
TMRVL,The Mandhana Retail Ventures Limited,EQ,INE759V01019
TNPETRO,Tamilnadu PetroProducts Limited,EQ,INE148A01019
TNPL,Tamil Nadu Newsprint & Papers Limited,EQ,INE107A01015
TNTELE,Tamilnadu Telecommunication Limited,BE,INE141D01018
TODAYS,Todays Writing Instruments Limited,BZ,INE944B01019
TOKYOPLAST,Tokyo Plast International Limited,EQ,INE932C01012
TORNTPHARM,Torrent Pharmaceuticals Limited,EQ,INE685A01028
TORNTPOWER,Torrent Power Limited,EQ,INE813H01021
TPLPLASTEH,TPL Plastech Limited,EQ,INE413G01014
TREEHOUSE,Tree House Education & Accessories Limited,EQ,INE040M01013
TRENT,Trent Limited,EQ,INE849A01020
TRF,TRF Limited,EQ,INE391D01019
TRIDENT,Trident Limited,EQ,INE064C01014
TRIGYN,Trigyn Technologies Limited,EQ,INE948A01012
TRIL,Transformers And Rectifiers (India) Limited,EQ,INE763I01026
TRITURBINE,Triveni Turbine Limited,EQ,INE152M01016
TRIVENI,Triveni Engineering & Industries Limited,EQ,INE256C01024
TTKHLTCARE,TTK Healthcare Limited,EQ,INE910C01018
TTKPRESTIG,TTK Prestige Limited,EQ,INE690A01010
TTL,T T Limited,EQ,INE592B01016
TTML,Tata Teleservices (Maharashtra) Limited,EQ,INE517B01013
TULSI,Tulsi Extrusions Limited,BE,INE474I01012
TV18BRDCST,TV18 Broadcast Limited,EQ,INE886H01027
TVSELECT,TVS Electronics Limited,EQ,INE236G01019
TVSMOTOR,TVS Motor Company Limited,EQ,INE494B01023
TVSSRICHAK,TVS Srichakra Limited,EQ,INE421C01016
TVTODAY,TV Today Network Limited,EQ,INE038F01029
TVVISION,TV Vision Limited,EQ,INE871L01013
TWL,Titagarh Wagons Limited,EQ,INE615H01020
UBL,United Breweries Limited,EQ,INE686F01025
UCALFUEL,Ucal Fuel Systems Limited,EQ,INE139B01016
UCOBANK,UCO Bank,EQ,INE691A01018
UFLEX,UFLEX Limited,EQ,INE516A01017
UFO,UFO Moviez India Limited,EQ,INE527H01019
UGARSUGAR,The Ugar Sugar Works Limited,EQ,INE071E01023
UJAAS,Ujaas Energy Limited,EQ,INE899L01022
UJJIVAN,Ujjivan Financial Services Limited,EQ,INE334L01012
ULTRACEMCO,UltraTech Cement Limited,EQ,INE481G01011
UMANGDAIRY,Umang Dairies Limited,EQ,INE864B01027
UMESLTD,Usha Martin Education & Solutions Limited,EQ,INE240C01028
UNICHEMLAB,Unichem Laboratories Limited,EQ,INE351A01035
UNIENTER,Uniphos Enterprises Limited,EQ,INE037A01022
UNIONBANK,Union Bank of India,EQ,INE692A01016
UNIPLY,Uniply Industries Limited,EQ,INE950G01023
UNITECH,Unitech Limited,EQ,INE694A01020
UNITEDBNK,United Bank of India,EQ,INE695A01019
UNITEDTEA,The United Nilgiri Tea Estates Company Limited,EQ,INE458F01011
UNITY,Unity Infraprojects Limited,EQ,INE466H01028
UNIVCABLES,Universal Cables Limited,EQ,INE279A01012
UPL,UPL Limited,EQ,INE628A01036
URJA,Urja Global Limited,EQ,INE550C01020
USHAMART,Usha Martin Limited,EQ,INE228A01035
USHERAGRO,Usher Agro Limited,EQ,INE235G01011
UTTAMSTL,Uttam Galva Steels Limited,EQ,INE699A01011
UTTAMSUGAR,Uttam Sugar Mills Limited,EQ,INE786F01031
UVSL,Uttam Value Steels Limited,BE,INE292A01023
V2RETAIL,V2 Retail Limited,EQ,INE945H01013
VADILALIND,Vadilal Industries Limited,EQ,INE694D01016
VAIBHAVGBL,Vaibhav Global Limited,EQ,INE884A01019
VAKRANGEE,Vakrangee Limited,EQ,INE051B01021
VARDHACRLC,Vardhman Acrylics Limited,EQ,INE116G01013
VARDMNPOLY,Vardhman Polytex Limited,EQ,INE835A01011
VARROC,Varroc Engineering Limited,EQ,INE665L01035
VASCONEQ,Vascon Engineers Limited,EQ,INE893I01013
VASWANI,Vaswani Industries Limited,EQ,INE590L01019
VBL,Varun Beverages Limited,EQ,INE200M01013
VEDL,Vedanta Limited,EQ,INE205A01025
VENKEYS,Venky's (India) Limited,EQ,INE398A01010
VENUSREM,Venus Remedies Limited,EQ,INE411B01019
VESUVIUS,Vesuvius India Limited,EQ,INE386A01015
VETO,Veto Switchgears And Cables Limited,EQ,INE918N01018
VGUARD,V-Guard Industries Limited,EQ,INE951I01027
VHL,Vardhman Holdings Limited,EQ,INE701A01023
VICEROY,Viceroy Hotels Limited,EQ,INE048C01017
VIDEOIND,Videocon Industries Limited,BE,INE703A01011
VIDHIING,Vidhi Specialty Food Ingredients Limited,EQ,INE632C01026
VIJAYABANK,Vijaya Bank,EQ,INE705A01016
VIJIFIN,Viji Finance Limited,EQ,INE159N01027
VIJSHAN,Vijay Shanthi Builders Limited,EQ,INE806F01011
VIKASECO,Vikas EcoTech Limited,EQ,INE806A01020
VIMALOIL,Vimal Oil & Foods Limited,BE,INE067D01015
VIMTALABS,Vimta Labs Limited,EQ,INE579C01029
VINATIORGA,Vinati Organics Limited,EQ,INE410B01029
VINDHYATEL,Vindhya Telelinks Limited,EQ,INE707A01012
VINYLINDIA,Vinyl Chemicals (India) Limited,EQ,INE250B01029
VIPCLOTHNG,VIP Clothing Limited,EQ,INE450G01024
VIPIND,VIP Industries Limited,EQ,INE054A01027
VIPULLTD,Vipul Limited,EQ,INE946H01037
VISAKAIND,Visaka Industries Limited,EQ,INE392A01013
VISASTEEL,Visa Steel Limited,EQ,INE286H01012
VISESHINFO,Visesh Infotecnics Limited,EQ,INE861A01058
VISHNU,Vishnu Chemicals Limited,EQ,INE270I01014
VIVIDHA,Visagar Polytex Limited,EQ,INE370E01029
VIVIMEDLAB,Vivimed Labs Limited,EQ,INE526G01021
VLSFINANCE,VLS Finance Limited,EQ,INE709A01018
VMART,V-Mart Retail Limited,EQ,INE665J01013
VOLTAMP,Voltamp Transformers Limited,EQ,INE540H01012
VOLTAS,Voltas Limited,EQ,INE226A01021
VRLLOG,VRL Logistics Limited,EQ,INE366I01010
VSSL,Vardhman Special Steels Limited,EQ,INE050M01012
VSTIND,VST Industries Limited,EQ,INE710A01016
VSTTILLERS,V.S.T Tillers Tractors Limited,EQ,INE764D01017
VTL,Vardhman Textiles Limited,EQ,INE825A01012
WABAG,VA Tech Wabag Limited,EQ,INE956G01038
WABCOINDIA,WABCO India Limited,EQ,INE342J01019
WALCHANNAG,Walchandnagar Industries Limited,EQ,INE711A01022
WANBURY,Wanbury Limited,BE,INE107F01022
WEBELSOLAR,Websol Energy System Limited,EQ,INE855C01015
WEIZFOREX,Weizmann Forex Limited,EQ,INE726L01019
WEIZMANIND,Weizmann Limited,EQ,INE080A01014
WELCORP,Welspun Corp Limited,EQ,INE191B01025
WELENT,Welspun Enterprises Limited,EQ,INE625G01013
WELINV,Welspun Investments and Commercials Limited,EQ,INE389K01018
WELSPUNIND,Welspun India Limited,EQ,INE192B01031
WENDT,Wendt (India) Limited,EQ,INE274C01019
WHEELS,Wheels India Limited,EQ,INE715A01015
WHIRLPOOL,Whirlpool of India Limited,EQ,INE716A01013
WILLAMAGOR,Williamson Magor & Company Limited,EQ,INE210A01017
WINDMACHIN,Windsor Machines Limited,EQ,INE052A01021
WINSOME,Winsome Yarns Limited,BE,INE784B01035
WIPL,The Western India Plywoods Limited,BE,INE215F01023
WIPRO,Wipro Limited,EQ,INE075A01022
WOCKPHARMA,Wockhardt Limited,EQ,INE049B01025
WONDERLA,Wonderla Holidays Limited,EQ,INE066O01014
WSI,W S Industries (I) Limited,BE,INE100D01014
WSTCSTPAPR,West Coast Paper Mills Limited,EQ,INE976A01021
XCHANGING,Xchanging Solutions Limited,EQ,INE692G01013
XLENERGY,XL Energy Limited,BE,INE183H01011
XPROINDIA,Xpro India Limited,EQ,INE445C01015
YESBANK,Yes Bank Limited,EQ,INE528G01027
ZEEL,Zee Entertainment Enterprises Limited,EQ,INE256A01028
ZEELEARN,Zee Learn Limited,EQ,INE565L01011
ZEEMEDIA,Zee Media Corporation Limited,EQ,INE966H01019
ZENITHBIR,Zenith Birla (India) Limited,BE,INE318D01020
ZENITHEXPO,Zenith Exports Limited,BE,INE058B01018
ZENSARTECH,Zensar Technologies Limited,EQ,INE520A01019
ZENTEC,Zen Technologies Limited,EQ,INE251B01027
ZICOM,Zicom Electronic Security Systems Limited,EQ,INE871B01014
ZODIACLOTH,Zodiac Clothing Company Limited,EQ,INE206B01013
ZODJRDMKJ,Zodiac JRD- MKJ Limited,EQ,INE077B01018
ZUARI,Zuari Agro Chemicals Limited,EQ,INE840M01016
ZUARIGLOB,Zuari Global Limited,EQ,INE217A01012
ZYDUSWELL,Zydus Wellness Limited,EQ,INE768C01010
ZYLOG,Zylog Systems Limited,BE,INE225I01026
